
   INFO  Server running on [http://127.0.0.1:8000].  

  Press Ctrl+C to stop the server

  2026-08-22 15:07:49 /login ................................................................................... ~ 5s
  2026-08-22 15:07:53 /api/captcha/request ..................................................................... ~ 7s
  2026-08-22 15:07:53 /login ................................................................................... ~ 9s
  2026-08-22 15:08:01 /login ................................................................................... ~ 5s
  2026-08-22 15:08:06 /login ................................................................................... ~ 2s
  2026-08-22 15:08:08 /dashboard ............................................................................... ~ 3s
  2026-08-22 15:08:33 /login ................................................................................... ~ 2s
  2026-08-22 15:08:35 /login ................................................................................... ~ 1s
  2026-08-22 15:08:35 /dashboard ............................................................................... ~ 3s
  2026-08-22 15:08:36 /build/assets/app-DDbAgoTg.css ........................................................... ~ 2s
  2026-08-22 15:08:36 /build/assets/index-C7MMbKvf.css ......................................................... ~ 2s
  2026-08-22 15:08:39 /build/assets/Login-BsPYP7Ic.js ..................................................... ~ 12.13ms
  2026-08-22 15:08:39 /build/assets/InputError.vue_vue_type_script_setup_true_lang-Oo4V1TZo.js ............ ~ 20.35ms
  2026-08-22 15:08:39 /build/assets/TextLink.vue_vue_type_script_setup_true_lang-CJA7Kv0G.js .............. ~ 21.22ms
  2026-08-22 15:08:39 /build/assets/app-DDbAgoTg.css ....................................................... ~ 0.60ms
  2026-08-22 15:08:39 /build/assets/AppSidebarLayout-C66usCqP.css .......................................... ~ 9.03ms
  2026-08-22 15:08:39 /build/assets/Dashboard-BatkB8L5.js .................................................. ~ 5.97ms
  2026-08-22 15:08:39 /build/assets/AppLayout.vue_vue_type_script_setup_true_lang-CDu5C6NJ.js ............. ~ 24.82ms
  2026-08-22 15:08:39 /build/assets/app-B1Zb6IqD.js ....................................................... ~ 34.27ms
  2026-08-22 15:08:39 /build/assets/index-dTeW3-Go.js ..................................................... ~ 30.49ms
  2026-08-22 15:08:39 /build/assets/arrow-up-right-BUfxKWwc.js ............................................ ~ 41.99ms
  2026-08-22 15:08:39 /build/assets/AppSidebarLayout.vue_vue_type_script_setup_true_lang-CSLWTG4v.js ...... ~ 28.48ms
  2026-08-22 15:08:39 /build/assets/createLucideIcon-CoZlq9ov.js ........................................... ~ 3.56ms
  2026-08-22 15:08:39 /build/assets/mail-BcIk-dkq.js ..................................................... ~ 514.53ms
  2026-08-22 15:08:39 /build/assets/activity-DzEtYjJ4.js ................................................... ~ 2.80ms
  2026-08-22 15:08:39 /build/assets/circle-check-Bi9Xmlom.js ............................................... ~ 5.24ms
  2026-08-22 15:08:39 /build/assets/circle-x-BMMTN5aS.js ................................................... ~ 7.49ms
  2026-08-22 15:08:39 /build/assets/zap-ZpEuA8PK.js ........................................................ ~ 2.21ms
  2026-08-22 15:08:39 /build/assets/index-BxH8y1zF.js ...................................................... ~ 7.08ms
  2026-08-22 15:08:39 /build/assets/index-BfIqpL0c.js ...................................................... ~ 0.12ms
  2026-08-22 15:08:39 /build/assets/VisuallyHidden-LkW1TJIT.js ............................................. ~ 3.36ms
  2026-08-22 15:08:39 /build/assets/useForwardExpose-blqrO72D.js ........................................... ~ 8.61ms
  2026-08-22 15:08:39 /build/assets/useForwardPropsEmits-B1RYwbEt.js ...................................... ~ 10.66ms
  2026-08-22 15:08:39 /build/assets/_plugin-vue_export-helper-DlAUqK2U.js .................................. ~ 0.21ms
  2026-08-22 15:08:39 /build/assets/smartphone-CYbcZnlg.js ................................................. ~ 2.33ms
  2026-08-22 15:08:39 /build/assets/puzzle-BZP4zm61.js ..................................................... ~ 0.08ms
  2026-08-22 15:08:39 /build/assets/chevron-right-B6TqFNqg.js .............................................. ~ 3.17ms
  2026-08-22 15:08:39 /build/assets/loader-circle-DteeGzBU.js .............................................. ~ 8.82ms
  2026-08-22 15:08:39 /build/assets/index-BxH8y1zF.js .................................................... ~ 633.11ms
  2026-08-22 15:08:39 /build/assets/AppSidebarLayout-C66usCqP.css .......................................... ~ 0.12ms
  2026-08-22 15:08:39 /build/assets/Checkbox.vue_vue_type_script_setup_true_lang-BrSRk1AB.js ............. ~ 624.60ms
  2026-08-22 15:08:39 /build/assets/Input.vue_vue_type_script_setup_true_lang-CIcm4hqe.js .................. ~ 6.55ms
  2026-08-22 15:08:36 /build/assets/app-B1Zb6IqD.js ............................................................ ~ 3s
  2026-08-22 15:08:39 /build/assets/Label.vue_vue_type_script_setup_true_lang-IhCc35Wo.js .................. ~ 0.07ms
  2026-08-22 15:08:39 /build/assets/Spinner.vue_vue_type_script_setup_true_lang-DRRxc679.js ................ ~ 0.78ms
  2026-08-22 15:08:39 /build/assets/index-kHxRQwS7.js ...................................................... ~ 0.05ms
  2026-08-22 15:08:39 /build/assets/puzzle-BZP4zm61.js ..................................................... ~ 3.04ms
  2026-08-22 15:08:39 /build/assets/smartphone-CYbcZnlg.js ................................................. ~ 5.28ms
  2026-08-22 15:08:39 /build/assets/index-D9qe3qV1.js .................................................... ~ 654.03ms
  2026-08-22 15:08:39 /build/assets/_plugin-vue_export-helper-DlAUqK2U.js .................................. ~ 1.54ms
  2026-08-22 15:08:39 /build/assets/index-dTeW3-Go.js ...................................................... ~ 2.68ms
  2026-08-22 15:08:39 /build/assets/useForwardPropsEmits-B1RYwbEt.js ....................................... ~ 4.12ms
  2026-08-22 15:08:39 /build/assets/VisuallyHidden-LkW1TJIT.js ............................................. ~ 0.05ms
  2026-08-22 15:08:39 /build/assets/useForwardExpose-blqrO72D.js ........................................... ~ 2.88ms
  2026-08-22 15:08:39 /build/assets/check-DJ944RwS.js ...................................................... ~ 6.10ms
  2026-08-22 15:08:39 /build/assets/createLucideIcon-CoZlq9ov.js ........................................... ~ 6.04ms
  2026-08-22 15:08:39 /build/assets/index-BfIqpL0c.js ...................................................... ~ 0.05ms
  2026-08-22 15:08:39 /build/assets/loader-circle-DteeGzBU.js .............................................. ~ 2.65ms
  2026-08-22 15:08:39 /build/assets/index-QoiX--gZ.js ...................................................... ~ 3.98ms
  2026-08-22 15:08:40 /build/assets/index-C7MMbKvf.css ..................................................... ~ 0.03ms
  2026-08-22 15:08:40 /images/blitz-logo.webp .............................................................. ~ 0.18ms
  2026-08-22 15:08:40 /_boost/browser-logs ..................................................................... ~ 2s
  2026-08-22 15:08:42 /api/captcha-providers ............................................................. ~ 508.24ms
  The system cannot find the path specified.
  2026-08-22 15:08:42 /api/captcha/control/status .............................................................. ~ 1s
  2026-08-22 15:08:43 /api/bot/status .......................................................................... ~ 1s
  2026-08-22 15:08:42 /images/blitz-logo.webp .................................................................. ~ 2s
  2026-08-22 15:08:42 /videos/blitz-intro.mp4 .................................................................. ~ 2s
  2026-08-22 15:08:44 /favicon.svg ......................................................................... ~ 4.68ms
  2026-08-22 15:08:45 /favicon.ico ......................................................................... ~ 0.26ms
  The system cannot find the path specified.
  2026-08-22 15:08:55 /api/captcha/control/status .............................................................. ~ 1s
  The system cannot find the path specified.
  2026-08-22 15:09:10 /api/captcha/control/status .............................................................. ~ 1s
  2026-08-22 15:09:12 /ivac-endpoints .......................................................................... ~ 1s
  2026-08-22 15:09:13 /build/assets/Index-DtxZLcdl.js ...................................................... ~ 0.20ms
  2026-08-22 15:09:13 /build/assets/refresh-cw-B4I-tE4I.js ................................................. ~ 3.89ms
  2026-08-22 15:09:13 /build/assets/info-Cm_QQO__.js ...................................................... ~ 10.31ms
  2026-08-22 15:09:13 /build/assets/pencil-line-VgIGzLtq.js ............................................... ~ 14.18ms
  2026-08-22 15:09:13 /build/assets/undo-2-Di3rMf38.js .................................................... ~ 13.22ms
  2026-08-22 15:09:13 /build/assets/check-DJ944RwS.js ..................................................... ~ 17.35ms
  2026-08-22 15:09:13 /build/assets/rotate-ccw-CPPDUzt1.js ................................................ ~ 21.00ms
  2026-08-22 15:09:13 /build/assets/save-BYyilgWr.js ...................................................... ~ 20.56ms
  2026-08-22 15:09:13 /api/captcha-providers ................................................................... ~ 1s
  2026-08-22 15:09:13 /api/ivac-endpoints ...................................................................... ~ 1s
  The system cannot find the path specified.
  2026-08-22 15:09:13 /api/captcha/control/status .............................................................. ~ 2s
  The system cannot find the path specified.
  2026-08-22 15:09:28 /api/captcha/control/status .............................................................. ~ 1s
  2026-08-22 15:09:29 /bypass-ips .............................................................................. ~ 1s
  2026-08-22 15:09:30 /api-tester ........................................................................ ~ 507.85ms
  2026-08-22 15:09:30 /build/assets/Index-BX1N00sQ.js ...................................................... ~ 3.45ms
  2026-08-22 15:09:30 /build/assets/server-M8hYy70L.js .................................................... ~ 10.04ms
  2026-08-22 15:09:30 /build/assets/chevron-up-DYFtpNjh.js ................................................ ~ 13.91ms
  2026-08-22 15:09:30 /build/assets/chevron-down-B_NaQErP.js .............................................. ~ 15.25ms
  2026-08-22 15:09:30 /build/assets/file-text-BPRg-LR2.js .................................................. ~ 6.73ms
  2026-08-22 15:09:30 /build/assets/download-CvNz3NKc.js ................................................... ~ 9.57ms
  2026-08-22 15:09:30 /api/captcha-providers ................................................................... ~ 1s
  The system cannot find the path specified.
  2026-08-22 15:09:31 /api/captcha/control/status ........................................................ ~ 503.05ms
  2026-08-22 15:09:31 /api/api-tester/context .................................................................. ~ 1s
  2026-08-22 15:09:39 /api/api-tester/session/2 .......................................................... ~ 502.79ms
  2026-08-22 15:09:42 /api/ivac-endpoints ................................................................ ~ 516.85ms
  The system cannot find the path specified.
  2026-08-22 15:09:45 /api/captcha/control/status ........................................................ ~ 515.94ms
  2026-08-22 15:09:52 /api/captcha/request ............................................................... ~ 503.25ms
  2026-08-22 15:09:54 /api/captcha/request/65b9a9c9-d525-4454-b798-5240c977c614 ................................ ~ 1s
  2026-08-22 15:09:56 /api/captcha/request/65b9a9c9-d525-4454-b798-5240c977c614 .......................... ~ 503.73ms
  2026-08-22 15:09:57 /api/captcha/request/65b9a9c9-d525-4454-b798-5240c977c614 .......................... ~ 503.54ms
  2026-08-22 15:09:59 /api/captcha/request/65b9a9c9-d525-4454-b798-5240c977c614 .......................... ~ 516.04ms
  The system cannot find the path specified.
  2026-08-22 15:10:00 /api/captcha/control/status ........................................................ ~ 503.48ms
  2026-08-22 15:10:01 /api/captcha/request/65b9a9c9-d525-4454-b798-5240c977c614 .......................... ~ 514.75ms
  2026-08-22 15:10:02 /api/captcha/request/65b9a9c9-d525-4454-b798-5240c977c614 .......................... ~ 502.90ms
  2026-08-22 15:10:04 /api/captcha/request/65b9a9c9-d525-4454-b798-5240c977c614 .......................... ~ 516.96ms
  2026-08-22 15:10:05 /api/captcha/request/65b9a9c9-d525-4454-b798-5240c977c614 .......................... ~ 501.42ms
  2026-08-22 15:10:07 /api/captcha/request/65b9a9c9-d525-4454-b798-5240c977c614 ................................ ~ 1s
  2026-08-22 15:10:09 /api/captcha/request/65b9a9c9-d525-4454-b798-5240c977c614 .......................... ~ 503.33ms
  2026-08-22 15:10:10 /api/captcha/request/65b9a9c9-d525-4454-b798-5240c977c614 .......................... ~ 502.10ms
  2026-08-22 15:10:12 /api/captcha/request/65b9a9c9-d525-4454-b798-5240c977c614 .......................... ~ 502.52ms
  2026-08-22 15:10:14 /api/captcha/request/65b9a9c9-d525-4454-b798-5240c977c614 ................................ ~ 1s
  The system cannot find the path specified.
  2026-08-22 15:10:15 /api/captcha/control/status ........................................................ ~ 514.16ms
  2026-08-22 15:10:16 /api/captcha/request/65b9a9c9-d525-4454-b798-5240c977c614 ................................ ~ 1s
  2026-08-22 15:10:18 /api/captcha/request/65b9a9c9-d525-4454-b798-5240c977c614 ................................ ~ 1s
  2026-08-22 15:10:19 /api/captcha/request/65b9a9c9-d525-4454-b798-5240c977c614 ................................ ~ 1s
  2026-08-22 15:10:21 /api/captcha/request/65b9a9c9-d525-4454-b798-5240c977c614 .......................... ~ 514.35ms
  2026-08-22 15:10:23 /api/captcha/request/65b9a9c9-d525-4454-b798-5240c977c614 ................................ ~ 1s
  2026-08-22 15:10:24 /api/captcha/request/65b9a9c9-d525-4454-b798-5240c977c614 ................................ ~ 1s
  2026-08-22 15:10:26 /api/captcha/request/65b9a9c9-d525-4454-b798-5240c977c614 .......................... ~ 516.46ms
  2026-08-22 15:10:28 /api/captcha/request/65b9a9c9-d525-4454-b798-5240c977c614 ................................ ~ 1s
  2026-08-22 15:10:30 /api/captcha/request/65b9a9c9-d525-4454-b798-5240c977c614 .......................... ~ 517.28ms
  The system cannot find the path specified.
  2026-08-22 15:10:30 /api/captcha/control/status .............................................................. ~ 1s
  2026-08-22 15:10:31 /api/captcha/request/65b9a9c9-d525-4454-b798-5240c977c614 ................................ ~ 1s
  2026-08-22 15:10:33 /api/captcha/request/65b9a9c9-d525-4454-b798-5240c977c614 .......................... ~ 503.16ms
  2026-08-22 15:10:35 /api/captcha/request/65b9a9c9-d525-4454-b798-5240c977c614 .......................... ~ 502.47ms
  2026-08-22 15:10:37 /api/captcha/request/65b9a9c9-d525-4454-b798-5240c977c614 .......................... ~ 513.38ms
  2026-08-22 15:10:38 /api/captcha/request/65b9a9c9-d525-4454-b798-5240c977c614 ................................ ~ 1s
  2026-08-22 15:10:40 /api/captcha/request/65b9a9c9-d525-4454-b798-5240c977c614 ................................ ~ 1s
  2026-08-22 15:10:42 /api/captcha/request/65b9a9c9-d525-4454-b798-5240c977c614 .......................... ~ 514.67ms
  2026-08-22 15:10:43 /api/captcha/request/65b9a9c9-d525-4454-b798-5240c977c614 .......................... ~ 513.34ms
  2026-08-22 15:10:45 /api/captcha/request/65b9a9c9-d525-4454-b798-5240c977c614 .......................... ~ 504.62ms
  The system cannot find the path specified.
  2026-08-22 15:10:46 /api/captcha/control/status .............................................................. ~ 1s
  2026-08-22 15:10:47 /api/captcha/request/65b9a9c9-d525-4454-b798-5240c977c614 ................................ ~ 1s
  2026-08-22 15:10:48 /api/captcha/request/65b9a9c9-d525-4454-b798-5240c977c614 .......................... ~ 503.03ms
  2026-08-22 15:10:50 /api/captcha/request/65b9a9c9-d525-4454-b798-5240c977c614 .......................... ~ 511.08ms
  2026-08-22 15:10:52 /api/captcha/request/65b9a9c9-d525-4454-b798-5240c977c614 ................................ ~ 1s
  2026-08-22 15:10:53 /api/captcha/request/65b9a9c9-d525-4454-b798-5240c977c614 .......................... ~ 501.79ms
  2026-08-22 15:10:55 /api/captcha/request/65b9a9c9-d525-4454-b798-5240c977c614 .......................... ~ 516.07ms
  2026-08-22 15:10:57 /api/captcha/request/65b9a9c9-d525-4454-b798-5240c977c614 .......................... ~ 516.09ms
  2026-08-22 15:10:58 /api/captcha/request/65b9a9c9-d525-4454-b798-5240c977c614 .......................... ~ 501.96ms
  2026-08-22 15:11:00 /api/captcha/request/65b9a9c9-d525-4454-b798-5240c977c614 ................................ ~ 1s
  The system cannot find the path specified.
  2026-08-22 15:11:01 /api/captcha/control/status .............................................................. ~ 1s
  2026-08-22 15:11:02 /api/captcha/request/65b9a9c9-d525-4454-b798-5240c977c614 ................................ ~ 1s
  2026-08-22 15:11:04 /api/api-tester/send-otp ................................................................. ~ 1s
  2026-08-22 15:11:05 /api/captcha/request/65b9a9c9-d525-4454-b798-5240c977c614 .......................... ~ 505.55ms
  2026-08-22 15:11:07 /api/captcha/request/65b9a9c9-d525-4454-b798-5240c977c614 ................................ ~ 1s
  2026-08-22 15:11:09 /api/captcha/request/65b9a9c9-d525-4454-b798-5240c977c614 .......................... ~ 505.40ms
  2026-08-22 15:11:11 /api/captcha/request/65b9a9c9-d525-4454-b798-5240c977c614 ................................ ~ 1s
  2026-08-22 15:11:12 /api/captcha/request/65b9a9c9-d525-4454-b798-5240c977c614 .......................... ~ 502.38ms
  2026-08-22 15:11:14 /api/captcha/request/65b9a9c9-d525-4454-b798-5240c977c614 ................................ ~ 1s
  The system cannot find the path specified.
  2026-08-22 15:11:15 /api/captcha/control/status .............................................................. ~ 1s
  2026-08-22 15:11:16 /api/captcha/request/65b9a9c9-d525-4454-b798-5240c977c614 ................................ ~ 1s
  2026-08-22 15:11:18 /api/captcha/request/65b9a9c9-d525-4454-b798-5240c977c614 .......................... ~ 501.87ms
  2026-08-22 15:11:20 /api/captcha/request/65b9a9c9-d525-4454-b798-5240c977c614 ................................ ~ 1s
  2026-08-22 15:11:22 /api/captcha/request/65b9a9c9-d525-4454-b798-5240c977c614 ................................ ~ 1s
  2026-08-22 15:11:23 /api/captcha/request/65b9a9c9-d525-4454-b798-5240c977c614 .......................... ~ 505.17ms
  2026-08-22 15:11:25 /api/captcha/request/65b9a9c9-d525-4454-b798-5240c977c614 ................................ ~ 1s
  2026-08-22 15:11:27 /api/captcha/request/65b9a9c9-d525-4454-b798-5240c977c614 .......................... ~ 502.40ms
  2026-08-22 15:11:29 /api/captcha/request/65b9a9c9-d525-4454-b798-5240c977c614 .......................... ~ 514.23ms
  2026-08-22 15:11:29 /api/api-tester/send-otp ................................................................. ~ 1s
  The system cannot find the path specified.
  2026-08-22 15:11:31 /api/captcha/control/status .............................................................. ~ 1s
  2026-08-22 15:11:31 /api/captcha/request/65b9a9c9-d525-4454-b798-5240c977c614 ................................ ~ 1s
  2026-08-22 15:11:33 /api/captcha/request/65b9a9c9-d525-4454-b798-5240c977c614 .......................... ~ 502.91ms
  2026-08-22 15:11:35 /api/captcha/request/65b9a9c9-d525-4454-b798-5240c977c614 ................................ ~ 1s
  2026-08-22 15:11:37 /api/captcha/request/65b9a9c9-d525-4454-b798-5240c977c614 ................................ ~ 1s
  2026-08-22 15:11:39 /api/captcha/request/65b9a9c9-d525-4454-b798-5240c977c614 .......................... ~ 504.24ms
  2026-08-22 15:11:40 /api/api-tester/fetch-otp/2 .............................................................. ~ 1s
  2026-08-22 15:11:42 /api/captcha/request/65b9a9c9-d525-4454-b798-5240c977c614 .......................... ~ 505.46ms
  2026-08-22 15:11:44 /ivac-endpoints .......................................................................... ~ 3s
  2026-08-22 15:11:47 /api/captcha/request/65b9a9c9-d525-4454-b798-5240c977c614 .......................... ~ 500.26ms
  The system cannot find the path specified.
  2026-08-22 15:11:47 /api/captcha/control/status .............................................................. ~ 1s
  2026-08-22 15:11:48 /build/assets/app-DDbAgoTg.css ..................................................... ~ 517.07ms
  2026-08-22 15:11:49 /build/assets/AppSidebarLayout-C66usCqP.css ......................................... ~ 13.44ms
  2026-08-22 15:11:49 /build/assets/Index-DtxZLcdl.js ..................................................... ~ 21.65ms
  2026-08-22 15:11:49 /build/assets/AppSidebarLayout.vue_vue_type_script_setup_true_lang-CSLWTG4v.js ...... ~ 29.92ms
  2026-08-22 15:11:49 /build/assets/refresh-cw-B4I-tE4I.js ................................................ ~ 34.12ms
  2026-08-22 15:11:49 /build/assets/info-Cm_QQO__.js ...................................................... ~ 17.70ms
  2026-08-22 15:11:49 /build/assets/app-B1Zb6IqD.js ....................................................... ~ 44.05ms
  2026-08-22 15:11:49 /build/assets/loader-circle-DteeGzBU.js ............................................. ~ 25.34ms
  2026-08-22 15:11:49 /build/assets/pencil-line-VgIGzLtq.js ................................................ ~ 0.13ms
  2026-08-22 15:11:49 /build/assets/undo-2-Di3rMf38.js ..................................................... ~ 3.47ms
  2026-08-22 15:11:49 /build/assets/check-DJ944RwS.js ...................................................... ~ 0.37ms
  2026-08-22 15:11:49 /build/assets/rotate-ccw-CPPDUzt1.js ................................................ ~ 14.18ms
  2026-08-22 15:11:49 /build/assets/save-BYyilgWr.js ...................................................... ~ 16.37ms
  2026-08-22 15:11:49 /build/assets/index-BxH8y1zF.js ..................................................... ~ 25.74ms
  2026-08-22 15:11:49 /build/assets/index-BfIqpL0c.js ..................................................... ~ 26.85ms
  2026-08-22 15:11:49 /build/assets/VisuallyHidden-LkW1TJIT.js ............................................. ~ 0.04ms
  2026-08-22 15:11:49 /build/assets/useForwardExpose-blqrO72D.js ........................................... ~ 0.05ms
  2026-08-22 15:11:49 /build/assets/useForwardPropsEmits-B1RYwbEt.js ....................................... ~ 1.20ms
  2026-08-22 15:11:49 /build/assets/createLucideIcon-CoZlq9ov.js ........................................... ~ 0.05ms
  2026-08-22 15:11:49 /build/assets/index-dTeW3-Go.js ...................................................... ~ 0.91ms
  2026-08-22 15:11:49 /build/assets/_plugin-vue_export-helper-DlAUqK2U.js .................................. ~ 2.11ms
  2026-08-22 15:11:49 /build/assets/smartphone-CYbcZnlg.js ................................................. ~ 0.05ms
  2026-08-22 15:11:49 /build/assets/puzzle-BZP4zm61.js ..................................................... ~ 1.07ms
  2026-08-22 15:11:49 /build/assets/mail-BcIk-dkq.js ....................................................... ~ 3.67ms
  2026-08-22 15:11:49 /build/assets/chevron-right-B6TqFNqg.js .............................................. ~ 0.19ms
  2026-08-22 15:11:49 /build/assets/AppSidebarLayout-C66usCqP.css .......................................... ~ 0.08ms
  2026-08-22 15:11:49 /images/blitz-logo.webp .............................................................. ~ 0.05ms
  2026-08-22 15:11:49 /api/captcha-providers ................................................................... ~ 1s
  The system cannot find the path specified.
  2026-08-22 15:11:50 /api/captcha/control/status ........................................................ ~ 512.01ms
  2026-08-22 15:11:50 /api/ivac-endpoints ...................................................................... ~ 1s
  The system cannot find the path specified.
  2026-08-22 15:12:04 /api/captcha/control/status .............................................................. ~ 1s
  The system cannot find the path specified.
  2026-08-22 15:12:19 /api/captcha/control/status ........................................................ ~ 514.97ms
  2026-08-22 15:12:28 /login ................................................................................... ~ 1s
  2026-08-22 15:12:29 /dashboard ............................................................................... ~ 1s
  2026-08-22 15:12:30 /build/assets/AppSidebarLayout-C66usCqP.css .......................................... ~ 0.08ms
  2026-08-22 15:12:30 /build/assets/Dashboard-BatkB8L5.js .................................................. ~ 1.43ms
  2026-08-22 15:12:30 /build/assets/AppLayout.vue_vue_type_script_setup_true_lang-CDu5C6NJ.js .............. ~ 2.91ms
  2026-08-22 15:12:30 /build/assets/AppSidebarLayout.vue_vue_type_script_setup_true_lang-CSLWTG4v.js ....... ~ 3.18ms
  2026-08-22 15:12:30 /build/assets/mail-BcIk-dkq.js ....................................................... ~ 3.34ms
  2026-08-22 15:12:30 /build/assets/chevron-right-B6TqFNqg.js .............................................. ~ 6.22ms
  2026-08-22 15:12:30 /build/assets/arrow-up-right-BUfxKWwc.js ............................................. ~ 0.12ms
  2026-08-22 15:12:30 /build/assets/activity-DzEtYjJ4.js ................................................... ~ 4.56ms
  2026-08-22 15:12:30 /build/assets/circle-check-Bi9Xmlom.js ............................................... ~ 2.31ms
  2026-08-22 15:12:30 /build/assets/circle-x-BMMTN5aS.js ................................................... ~ 2.01ms
  2026-08-22 15:12:30 /build/assets/zap-ZpEuA8PK.js ........................................................ ~ 3.13ms
  2026-08-22 15:12:30 /api/captcha-providers ............................................................. ~ 510.26ms
  The system cannot find the path specified.
  2026-08-22 15:12:30 /api/captcha/control/status .............................................................. ~ 1s
  2026-08-22 15:12:30 /api/bot/status .......................................................................... ~ 2s
  2026-08-22 15:12:34 /accounts .......................................................................... ~ 517.53ms
  The system cannot find the path specified.
  2026-08-22 15:12:35 /api/captcha/control/status .............................................................. ~ 1s
  2026-08-22 15:12:35 /ivac-endpoints .......................................................................... ~ 1s
  2026-08-22 15:12:36 /bypass-ips .............................................................................. ~ 1s
  2026-08-22 15:12:38 /apk-manager ............................................................................. ~ 1s
  2026-08-22 15:12:39 /vps-manager ......................................................................... ~ 0.06ms
  2026-08-22 15:12:39 /bot-control ............................................................................. ~ 1s
  2026-08-22 15:12:40 /build/assets/Index-BsvleSQt.js ...................................................... ~ 0.13ms
  2026-08-22 15:12:40 /build/assets/index-BTnYw6RG.js ...................................................... ~ 1.84ms
  2026-08-22 15:12:40 /build/assets/DialogTitle.vue_vue_type_script_setup_true_lang-Dw5-pTmZ.js ............ ~ 3.53ms
  2026-08-22 15:12:40 /build/assets/DialogDescription.vue_vue_type_script_setup_true_lang-BJUeNds8.js ...... ~ 3.91ms
  2026-08-22 15:12:40 /build/assets/DialogFooter.vue_vue_type_script_setup_true_lang-D9qFeLfa.js ........... ~ 4.14ms
  2026-08-22 15:12:40 /build/assets/TableCell.vue_vue_type_script_setup_true_lang-C10PdRKF.js .............. ~ 4.48ms
  2026-08-22 15:12:40 /build/assets/circle-stop-BhVz6Dbc.js ................................................ ~ 0.09ms
  2026-08-22 15:12:40 /build/assets/refresh-cw-B4I-tE4I.js ................................................. ~ 1.35ms
  2026-08-22 15:12:40 /build/assets/trash-2-Z_3x-2MY.js .................................................... ~ 3.10ms
  2026-08-22 15:12:40 /build/assets/plus-D0tEGST6.js ....................................................... ~ 4.39ms
  2026-08-22 15:12:40 /build/assets/cloud-D38GNwjZ.js ...................................................... ~ 6.71ms
  2026-08-22 15:12:40 /build/assets/scroll-text-oH-QlJve.js ................................................ ~ 1.78ms
  2026-08-22 15:12:40 /build/assets/package-DNKzS4IT.js .................................................... ~ 0.15ms
  2026-08-22 15:12:40 /build/assets/terminal-C7UuWrda.js ................................................... ~ 1.45ms
  2026-08-22 15:12:40 /build/assets/copy-BIRNYvOT.js ....................................................... ~ 2.56ms
  2026-08-22 15:12:40 /build/assets/download-CvNz3NKc.js ................................................... ~ 3.77ms
  2026-08-22 15:12:40 /build/assets/search-9lDY3b3l.js ..................................................... ~ 4.85ms
  2026-08-22 15:12:40 /build/assets/triangle-alert-B6uvZR4J.js ............................................. ~ 6.13ms
  2026-08-22 15:12:40 /api/agent-slots ................................................................... ~ 506.62ms
  2026-08-22 15:12:40 /api/captcha-providers ............................................................. ~ 510.65ms
  The system cannot find the path specified.
  2026-08-22 15:12:40 /api/captcha/control/status .............................................................. ~ 1s
  2026-08-22 15:12:40 /api/accounts ............................................................................ ~ 1s
  2026-08-22 15:12:40 /api/payment-links/phones ................................................................ ~ 2s
  2026-08-22 15:12:40 /api/bot/jar-status ...................................................................... ~ 2s
  2026-08-22 15:12:43 /api/otps/count .................................................................... ~ 510.50ms
  2026-08-22 15:12:43 /api/agent-slots ......................................................................... ~ 1s
  2026-08-22 15:12:45 /api-tester ........................................................................ ~ 501.47ms
  2026-08-22 15:12:46 /gmail ............................................................................. ~ 510.80ms
  2026-08-22 15:12:46 /payment-links ..................................................................... ~ 508.09ms
  2026-08-22 15:12:47 /otps .............................................................................. ~ 509.89ms
  2026-08-22 15:12:48 /build/assets/Index-pXkiTtYV.js ...................................................... ~ 0.29ms
  2026-08-22 15:12:48 /build/assets/arrow-up-BMHWpbSP.js .................................................. ~ 12.11ms
  2026-08-22 15:12:48 /build/assets/arrow-up-down-CyC-ikif.js ............................................. ~ 22.36ms
  2026-08-22 15:12:48 /build/assets/send-DP8inZeh.js ...................................................... ~ 25.48ms
  2026-08-22 15:12:48 /api/captcha-providers ............................................................. ~ 504.42ms
  The system cannot find the path specified.
  2026-08-22 15:12:48 /api/captcha/control/status .............................................................. ~ 1s
  2026-08-22 15:12:49 /api/otps ................................................................................ ~ 1s
  The system cannot find the path specified.
  2026-08-22 15:12:50 /api/captcha/control/status ........................................................ ~ 506.02ms
  2026-08-22 15:12:51 /api/otps .......................................................................... ~ 517.86ms
  2026-08-22 15:12:54 /api/otps .......................................................................... ~ 500.85ms
  2026-08-22 15:12:57 /api/otps .......................................................................... ~ 508.60ms
  2026-08-22 15:13:00 /api/otps .......................................................................... ~ 514.66ms
  The system cannot find the path specified.
  2026-08-22 15:13:03 /api/captcha/control/status ........................................................ ~ 514.79ms
  2026-08-22 15:13:04 /api/otps .......................................................................... ~ 496.11ms
  The system cannot find the path specified.
  2026-08-22 15:13:04 /api/captcha/control/status ........................................................ ~ 502.18ms
  2026-08-22 15:13:06 /api/otps .......................................................................... ~ 504.76ms
  2026-08-22 15:13:09 /api/otps .......................................................................... ~ 518.06ms
  2026-08-22 15:13:12 /api/otps .......................................................................... ~ 505.37ms
  2026-08-22 15:13:15 /api/otps .......................................................................... ~ 509.33ms
  The system cannot find the path specified.
  2026-08-22 15:13:18 /api/captcha/control/status .............................................................. ~ 1s
  2026-08-22 15:13:19 /api/otps ............................................................................ ~ 0.12ms
  The system cannot find the path specified.
  2026-08-22 15:13:19 /api/captcha/control/status ........................................................ ~ 502.65ms
  2026-08-22 15:13:21 /api/otps .......................................................................... ~ 514.67ms
  2026-08-22 15:13:22 /captcha-control ................................................................... ~ 502.38ms
  2026-08-22 15:13:24 /api/otps .......................................................................... ~ 515.48ms
  2026-08-22 15:13:27 /api/otps .......................................................................... ~ 501.65ms
  2026-08-22 15:13:30 /captcha-algorithm-monitor ......................................................... ~ 514.93ms
  2026-08-22 15:13:30 /api/otps .......................................................................... ~ 498.54ms
  2026-08-22 15:13:31 /ivac-endpoints .................................................................... ~ 500.23ms
  2026-08-22 15:13:31 /bypass-ips .......................................................................... ~ 0.04ms
  2026-08-22 15:13:32 /api-tester ........................................................................ ~ 509.60ms
  2026-08-22 15:13:32 /build/assets/Index-BX1N00sQ.js ...................................................... ~ 0.11ms
  2026-08-22 15:13:32 /build/assets/server-M8hYy70L.js ..................................................... ~ 1.84ms
  2026-08-22 15:13:32 /build/assets/pencil-line-VgIGzLtq.js ................................................ ~ 3.39ms
  2026-08-22 15:13:32 /build/assets/chevron-up-DYFtpNjh.js ................................................. ~ 4.69ms
  2026-08-22 15:13:32 /build/assets/chevron-down-B_NaQErP.js ............................................... ~ 5.90ms
  2026-08-22 15:13:32 /build/assets/undo-2-Di3rMf38.js ..................................................... ~ 6.92ms
  2026-08-22 15:13:32 /build/assets/save-BYyilgWr.js ....................................................... ~ 0.05ms
  2026-08-22 15:13:32 /build/assets/rotate-ccw-CPPDUzt1.js ................................................. ~ 1.61ms
  2026-08-22 15:13:32 /build/assets/file-text-BPRg-LR2.js .................................................. ~ 2.63ms
  2026-08-22 15:13:32 /api/captcha-providers ............................................................. ~ 504.21ms
  The system cannot find the path specified.
  2026-08-22 15:13:32 /api/captcha/control/status .............................................................. ~ 1s
  2026-08-22 15:13:32 /api/api-tester/context .................................................................. ~ 1s
  2026-08-22 15:13:37 /api/api-tester/session/2 .......................................................... ~ 503.06ms
  2026-08-22 15:13:40 /api/ivac-endpoints ................................................................ ~ 502.89ms
  The system cannot find the path specified.
  2026-08-22 15:13:47 /api/captcha/control/status ........................................................ ~ 503.01ms
  2026-08-22 15:13:49 /_boost/browser-logs ............................................................... ~ 502.26ms
  2026-08-22 15:13:52 /_boost/browser-logs ................................................................. ~ 0.21ms
  2026-08-22 15:13:53 /_boost/browser-logs ................................................................. ~ 0.31ms
  2026-08-22 15:13:55 /api/api-tester/send-otp ................................................................. ~ 1s
  The system cannot find the path specified.
  2026-08-22 15:14:02 /api/captcha/control/status .......................................................... ~ 0.37ms
  The system cannot find the path specified.
  2026-08-22 15:14:03 /api/captcha/control/status ........................................................ ~ 503.36ms
  2026-08-22 15:14:09 /api/api-tester/fetch-otp/2 ........................................................ ~ 514.81ms
  The system cannot find the path specified.
  2026-08-22 15:14:17 /api/captcha/control/status ........................................................ ~ 503.51ms
  2026-08-22 15:14:26 /api/captcha/request ............................................................... ~ 501.83ms
  2026-08-22 15:14:27 /api/captcha/request/15b8e098-50c7-413e-9a0a-0af14ceaae3d .......................... ~ 500.35ms
  2026-08-22 15:14:27 /api/captcha/request ............................................................... ~ 501.96ms
  2026-08-22 15:14:28 /api/captcha/request/15b8e098-50c7-413e-9a0a-0af14ceaae3d .......................... ~ 513.37ms
  2026-08-22 15:14:29 /api/captcha/request/197c8fcc-244f-4acb-ab7c-e0f67b1fae4e ............................ ~ 0.20ms
  2026-08-22 15:14:30 /api/captcha/request/15b8e098-50c7-413e-9a0a-0af14ceaae3d .......................... ~ 517.14ms
  2026-08-22 15:14:30 /api/captcha/request/197c8fcc-244f-4acb-ab7c-e0f67b1fae4e .......................... ~ 515.75ms
  2026-08-22 15:14:31 /api/captcha/request/15b8e098-50c7-413e-9a0a-0af14ceaae3d .......................... ~ 516.07ms
  2026-08-22 15:14:32 /api/captcha/request/197c8fcc-244f-4acb-ab7c-e0f67b1fae4e .......................... ~ 516.07ms
  The system cannot find the path specified.
  2026-08-22 15:14:32 /api/captcha/control/status ........................................................ ~ 513.92ms
  2026-08-22 15:14:33 /api/captcha/request/15b8e098-50c7-413e-9a0a-0af14ceaae3d .......................... ~ 513.43ms
  2026-08-22 15:14:33 /api/captcha/request/197c8fcc-244f-4acb-ab7c-e0f67b1fae4e .......................... ~ 501.28ms
  2026-08-22 15:14:34 /api/captcha/request/15b8e098-50c7-413e-9a0a-0af14ceaae3d .......................... ~ 501.22ms
  2026-08-22 15:14:35 /api/captcha/request/197c8fcc-244f-4acb-ab7c-e0f67b1fae4e .......................... ~ 499.03ms
  2026-08-22 15:14:36 /api/captcha/request/15b8e098-50c7-413e-9a0a-0af14ceaae3d .......................... ~ 502.98ms
  2026-08-22 15:14:36 /api/captcha/request/197c8fcc-244f-4acb-ab7c-e0f67b1fae4e .......................... ~ 512.55ms
  2026-08-22 15:14:37 /api/captcha/request/15b8e098-50c7-413e-9a0a-0af14ceaae3d .......................... ~ 511.58ms
  2026-08-22 15:14:38 /api/captcha/request/197c8fcc-244f-4acb-ab7c-e0f67b1fae4e .......................... ~ 498.38ms
  2026-08-22 15:14:39 /api/captcha/request/15b8e098-50c7-413e-9a0a-0af14ceaae3d .......................... ~ 524.38ms
  2026-08-22 15:14:39 /api/captcha/request/197c8fcc-244f-4acb-ab7c-e0f67b1fae4e .......................... ~ 504.52ms
  2026-08-22 15:14:40 /api/captcha/request/15b8e098-50c7-413e-9a0a-0af14ceaae3d .......................... ~ 503.98ms
  2026-08-22 15:14:41 /api/captcha/request/197c8fcc-244f-4acb-ab7c-e0f67b1fae4e .......................... ~ 500.31ms
  2026-08-22 15:14:42 /api/captcha/request/15b8e098-50c7-413e-9a0a-0af14ceaae3d .......................... ~ 501.43ms
  2026-08-22 15:14:42 /api/captcha/request/197c8fcc-244f-4acb-ab7c-e0f67b1fae4e .......................... ~ 515.54ms
  2026-08-22 15:14:43 /api/captcha/request/15b8e098-50c7-413e-9a0a-0af14ceaae3d ............................ ~ 0.70ms
  2026-08-22 15:14:44 /api/captcha/request/197c8fcc-244f-4acb-ab7c-e0f67b1fae4e ............................ ~ 0.47ms
  2026-08-22 15:14:45 /api/captcha/request/15b8e098-50c7-413e-9a0a-0af14ceaae3d .......................... ~ 501.59ms
  2026-08-22 15:14:45 /api/captcha/request/197c8fcc-244f-4acb-ab7c-e0f67b1fae4e .......................... ~ 512.24ms
  2026-08-22 15:14:46 /api/captcha/request/15b8e098-50c7-413e-9a0a-0af14ceaae3d .......................... ~ 511.82ms
  2026-08-22 15:14:47 /api/captcha/request/197c8fcc-244f-4acb-ab7c-e0f67b1fae4e .......................... ~ 504.88ms
  The system cannot find the path specified.
  2026-08-22 15:14:47 /api/captcha/control/status ........................................................ ~ 516.32ms
  2026-08-22 15:14:48 /api/captcha/request/15b8e098-50c7-413e-9a0a-0af14ceaae3d .......................... ~ 509.69ms
  2026-08-22 15:14:48 /api/captcha/request/197c8fcc-244f-4acb-ab7c-e0f67b1fae4e .......................... ~ 516.09ms
  2026-08-22 15:14:49 /api/captcha/request/15b8e098-50c7-413e-9a0a-0af14ceaae3d .......................... ~ 507.29ms
  2026-08-22 15:14:50 /api/captcha/request/197c8fcc-244f-4acb-ab7c-e0f67b1fae4e .......................... ~ 511.43ms
  2026-08-22 15:14:51 /api/captcha/request/15b8e098-50c7-413e-9a0a-0af14ceaae3d .......................... ~ 505.82ms
  2026-08-22 15:14:52 /api/captcha/request/197c8fcc-244f-4acb-ab7c-e0f67b1fae4e .......................... ~ 505.14ms
  2026-08-22 15:14:53 /api/captcha/request/15b8e098-50c7-413e-9a0a-0af14ceaae3d .......................... ~ 503.17ms
  2026-08-22 15:14:53 /api/captcha/request/197c8fcc-244f-4acb-ab7c-e0f67b1fae4e .......................... ~ 515.61ms
  2026-08-22 15:14:54 /api/captcha/request/15b8e098-50c7-413e-9a0a-0af14ceaae3d .......................... ~ 518.26ms
  2026-08-22 15:14:55 /api/captcha/request/197c8fcc-244f-4acb-ab7c-e0f67b1fae4e .......................... ~ 500.37ms
  2026-08-22 15:14:56 /api/captcha/request/15b8e098-50c7-413e-9a0a-0af14ceaae3d .......................... ~ 510.39ms
  2026-08-22 15:14:56 /api/captcha/request/197c8fcc-244f-4acb-ab7c-e0f67b1fae4e .......................... ~ 505.78ms
  2026-08-22 15:14:57 /api/captcha/request/15b8e098-50c7-413e-9a0a-0af14ceaae3d .......................... ~ 518.60ms
  2026-08-22 15:14:58 /api/captcha/request/197c8fcc-244f-4acb-ab7c-e0f67b1fae4e ................................ ~ 1s
  2026-08-22 15:14:59 /api/captcha/request/15b8e098-50c7-413e-9a0a-0af14ceaae3d ................................ ~ 6s
  2026-08-22 15:15:05 /api/captcha/request/197c8fcc-244f-4acb-ab7c-e0f67b1fae4e ................................ ~ 1s
  The system cannot find the path specified.
  2026-08-22 15:15:05 /api/captcha/control/status .............................................................. ~ 1s
  The system cannot find the path specified.
  2026-08-22 15:15:06 /api/captcha/control/status .............................................................. ~ 1s
  2026-08-22 15:15:07 /api/captcha/request/15b8e098-50c7-413e-9a0a-0af14ceaae3d ................................ ~ 2s
  2026-08-22 15:15:08 /api/captcha/request/197c8fcc-244f-4acb-ab7c-e0f67b1fae4e ................................ ~ 1s
  2026-08-22 15:15:10 /api/captcha/request/15b8e098-50c7-413e-9a0a-0af14ceaae3d .......................... ~ 501.66ms
  2026-08-22 15:15:11 /api/captcha/request/197c8fcc-244f-4acb-ab7c-e0f67b1fae4e .......................... ~ 509.14ms
  2026-08-22 15:15:12 /api/captcha/request/15b8e098-50c7-413e-9a0a-0af14ceaae3d ................................ ~ 1s
  2026-08-22 15:15:13 /api/captcha/request/197c8fcc-244f-4acb-ab7c-e0f67b1fae4e .......................... ~ 507.24ms
  2026-08-22 15:15:14 /api/captcha/request/15b8e098-50c7-413e-9a0a-0af14ceaae3d .......................... ~ 514.52ms
  2026-08-22 15:15:14 /api/captcha/request/197c8fcc-244f-4acb-ab7c-e0f67b1fae4e ................................ ~ 1s
  2026-08-22 15:15:15 /api/captcha/request/15b8e098-50c7-413e-9a0a-0af14ceaae3d ................................ ~ 1s
  2026-08-22 15:15:16 /api/captcha/request/197c8fcc-244f-4acb-ab7c-e0f67b1fae4e ................................ ~ 1s
  2026-08-22 15:15:17 /api/captcha/request/15b8e098-50c7-413e-9a0a-0af14ceaae3d ................................ ~ 1s
  The system cannot find the path specified.
  2026-08-22 15:15:18 /api/captcha/control/status .............................................................. ~ 1s
  2026-08-22 15:15:19 /api/captcha/request/197c8fcc-244f-4acb-ab7c-e0f67b1fae4e .......................... ~ 513.71ms
  2026-08-22 15:15:19 /api/captcha/request/15b8e098-50c7-413e-9a0a-0af14ceaae3d ................................ ~ 1s
  2026-08-22 15:15:21 /api/captcha/request/197c8fcc-244f-4acb-ab7c-e0f67b1fae4e ................................ ~ 1s
  2026-08-22 15:15:22 /api/captcha/request/15b8e098-50c7-413e-9a0a-0af14ceaae3d ................................ ~ 1s
  2026-08-22 15:15:23 /api/captcha/request/197c8fcc-244f-4acb-ab7c-e0f67b1fae4e ................................ ~ 1s
  2026-08-22 15:15:24 /api/captcha/request/15b8e098-50c7-413e-9a0a-0af14ceaae3d .......................... ~ 519.51ms
  2026-08-22 15:15:25 /api/captcha/request/197c8fcc-244f-4acb-ab7c-e0f67b1fae4e .......................... ~ 506.57ms
  2026-08-22 15:15:26 /api/captcha/request/15b8e098-50c7-413e-9a0a-0af14ceaae3d ................................ ~ 1s
  2026-08-22 15:15:27 /api/captcha/request/197c8fcc-244f-4acb-ab7c-e0f67b1fae4e ................................ ~ 1s
  2026-08-22 15:15:27 /api/captcha/request/15b8e098-50c7-413e-9a0a-0af14ceaae3d ................................ ~ 1s
  2026-08-22 15:15:28 /api/captcha/request/197c8fcc-244f-4acb-ab7c-e0f67b1fae4e ................................ ~ 1s
  2026-08-22 15:15:29 /api/captcha/request/15b8e098-50c7-413e-9a0a-0af14ceaae3d ................................ ~ 1s
  2026-08-22 15:15:31 /api/captcha/request/197c8fcc-244f-4acb-ab7c-e0f67b1fae4e ................................ ~ 1s
  2026-08-22 15:15:32 /api/captcha/request/15b8e098-50c7-413e-9a0a-0af14ceaae3d .......................... ~ 510.12ms
  The system cannot find the path specified.
  2026-08-22 15:15:32 /api/captcha/control/status .............................................................. ~ 1s
  2026-08-22 15:15:33 /api/captcha/request/197c8fcc-244f-4acb-ab7c-e0f67b1fae4e ................................ ~ 1s
  2026-08-22 15:15:33 /api/captcha/request/15b8e098-50c7-413e-9a0a-0af14ceaae3d ................................ ~ 2s
  2026-08-22 15:15:35 /api/captcha/request/197c8fcc-244f-4acb-ab7c-e0f67b1fae4e ................................ ~ 1s
  2026-08-22 15:15:36 /api/captcha/request/15b8e098-50c7-413e-9a0a-0af14ceaae3d ................................ ~ 1s
  2026-08-22 15:15:37 /api/captcha/request/197c8fcc-244f-4acb-ab7c-e0f67b1fae4e ................................ ~ 1s
  2026-08-22 15:15:38 /api/captcha/request/15b8e098-50c7-413e-9a0a-0af14ceaae3d ................................ ~ 1s
  2026-08-22 15:15:39 /api/captcha/request/197c8fcc-244f-4acb-ab7c-e0f67b1fae4e ................................ ~ 1s
  2026-08-22 15:15:40 /api/captcha/request/15b8e098-50c7-413e-9a0a-0af14ceaae3d .......................... ~ 512.16ms
  2026-08-22 15:15:41 /api/captcha/request/197c8fcc-244f-4acb-ab7c-e0f67b1fae4e .......................... ~ 508.03ms
  2026-08-22 15:15:42 /api/captcha/request/15b8e098-50c7-413e-9a0a-0af14ceaae3d ................................ ~ 1s
  2026-08-22 15:15:43 /api/captcha/request/197c8fcc-244f-4acb-ab7c-e0f67b1fae4e ................................ ~ 1s
  2026-08-22 15:15:44 /api/captcha/request/15b8e098-50c7-413e-9a0a-0af14ceaae3d ................................ ~ 1s
  2026-08-22 15:15:45 /api/captcha/request/197c8fcc-244f-4acb-ab7c-e0f67b1fae4e ................................ ~ 1s
  2026-08-22 15:15:46 /api/captcha/request/15b8e098-50c7-413e-9a0a-0af14ceaae3d ................................ ~ 1s
  2026-08-22 15:15:47 /api/captcha/request/197c8fcc-244f-4acb-ab7c-e0f67b1fae4e ................................ ~ 1s
  The system cannot find the path specified.
  2026-08-22 15:15:48 /api/captcha/control/status .............................................................. ~ 1s
  2026-08-22 15:15:48 /api/captcha/request/15b8e098-50c7-413e-9a0a-0af14ceaae3d ................................ ~ 2s
  2026-08-22 15:15:50 /api/captcha/request/197c8fcc-244f-4acb-ab7c-e0f67b1fae4e ................................ ~ 2s
  2026-08-22 15:15:52 /api/captcha/request/15b8e098-50c7-413e-9a0a-0af14ceaae3d ................................ ~ 1s
  2026-08-22 15:15:53 /api/captcha/request/197c8fcc-244f-4acb-ab7c-e0f67b1fae4e ................................ ~ 1s
  2026-08-22 15:15:54 /api/captcha/request/15b8e098-50c7-413e-9a0a-0af14ceaae3d ................................ ~ 1s
  2026-08-22 15:15:55 /api/captcha/request/197c8fcc-244f-4acb-ab7c-e0f67b1fae4e ................................ ~ 1s
  2026-08-22 15:15:56 /api/captcha/request/15b8e098-50c7-413e-9a0a-0af14ceaae3d ................................ ~ 1s
  2026-08-22 15:15:57 /api/captcha/request/197c8fcc-244f-4acb-ab7c-e0f67b1fae4e ................................ ~ 1s
  2026-08-22 15:15:58 /api/captcha/request/15b8e098-50c7-413e-9a0a-0af14ceaae3d ................................ ~ 1s
  2026-08-22 15:15:59 /api/captcha/request/197c8fcc-244f-4acb-ab7c-e0f67b1fae4e ................................ ~ 1s
  2026-08-22 15:16:00 /api/captcha/request/15b8e098-50c7-413e-9a0a-0af14ceaae3d .......................... ~ 512.38ms
  2026-08-22 15:16:01 /api/captcha/request/197c8fcc-244f-4acb-ab7c-e0f67b1fae4e ................................ ~ 1s
  2026-08-22 15:16:02 /api/captcha/request/15b8e098-50c7-413e-9a0a-0af14ceaae3d ................................ ~ 1s
  The system cannot find the path specified.
  2026-08-22 15:16:03 /api/captcha/control/status .............................................................. ~ 1s
  2026-08-22 15:16:03 /api/captcha/request/197c8fcc-244f-4acb-ab7c-e0f67b1fae4e ................................ ~ 2s
  The system cannot find the path specified.
  2026-08-22 15:16:04 /api/captcha/control/status .............................................................. ~ 2s
  2026-08-22 15:16:05 /api/captcha/request/15b8e098-50c7-413e-9a0a-0af14ceaae3d ................................ ~ 2s
  2026-08-22 15:16:06 /api/captcha/request/197c8fcc-244f-4acb-ab7c-e0f67b1fae4e ................................ ~ 2s
  2026-08-22 15:16:08 /api/captcha/request/15b8e098-50c7-413e-9a0a-0af14ceaae3d ................................ ~ 1s
  2026-08-22 15:16:09 /api/captcha/request/197c8fcc-244f-4acb-ab7c-e0f67b1fae4e .......................... ~ 500.39ms
  2026-08-22 15:16:10 /api/captcha/request/15b8e098-50c7-413e-9a0a-0af14ceaae3d ................................ ~ 1s
  2026-08-22 15:16:11 /api/captcha/request/197c8fcc-244f-4acb-ab7c-e0f67b1fae4e ................................ ~ 1s
  2026-08-22 15:16:13 /api/captcha/request/15b8e098-50c7-413e-9a0a-0af14ceaae3d ................................ ~ 1s
  2026-08-22 15:16:14 /api/captcha/request/197c8fcc-244f-4acb-ab7c-e0f67b1fae4e ................................ ~ 1s
  2026-08-22 15:16:15 /api/captcha/request/15b8e098-50c7-413e-9a0a-0af14ceaae3d ................................ ~ 7s
  2026-08-22 15:16:22 /api/captcha/request/197c8fcc-244f-4acb-ab7c-e0f67b1fae4e ................................ ~ 1s
  The system cannot find the path specified.
  2026-08-22 15:16:22 /api/captcha/control/status .............................................................. ~ 2s
  2026-08-22 15:16:24 /api/captcha/request/15b8e098-50c7-413e-9a0a-0af14ceaae3d ................................ ~ 1s
  2026-08-22 15:16:24 /api/captcha/request/197c8fcc-244f-4acb-ab7c-e0f67b1fae4e ................................ ~ 1s
  2026-08-22 15:16:26 /api/captcha/request/15b8e098-50c7-413e-9a0a-0af14ceaae3d .......................... ~ 502.16ms
  2026-08-22 15:16:27 /api/captcha/request/197c8fcc-244f-4acb-ab7c-e0f67b1fae4e ................................ ~ 1s
  The system cannot find the path specified.
  2026-08-22 15:16:32 /api/captcha/control/status .............................................................. ~ 3s
  The system cannot find the path specified.
  2026-08-22 15:16:47 /api/captcha/control/status .............................................................. ~ 5s
  The system cannot find the path specified.
  2026-08-22 15:17:02 /api/captcha/control/status .............................................................. ~ 4s
  The system cannot find the path specified.
  2026-08-22 15:17:09 /api/captcha/control/status .............................................................. ~ 2s
  The system cannot find the path specified.
  2026-08-22 15:17:17 /api/captcha/control/status .............................................................. ~ 2s
  The system cannot find the path specified.
  2026-08-22 15:17:33 /api/captcha/control/status .............................................................. ~ 3s
  The system cannot find the path specified.
  2026-08-22 15:17:47 /api/captcha/control/status .............................................................. ~ 2s
  The system cannot find the path specified.
  2026-08-22 15:18:02 /api/captcha/control/status .............................................................. ~ 1s
  The system cannot find the path specified.
  2026-08-22 15:18:04 /api/captcha/control/status .............................................................. ~ 1s
  The system cannot find the path specified.
  2026-08-22 15:18:17 /api/captcha/control/status .............................................................. ~ 1s
  The system cannot find the path specified.
  2026-08-22 15:18:32 /api/captcha/control/status .............................................................. ~ 1s
  The system cannot find the path specified.
  2026-08-22 15:18:47 /api/captcha/control/status .............................................................. ~ 1s
  The system cannot find the path specified.
  2026-08-22 15:19:03 /api/captcha/control/status .............................................................. ~ 2s
  The system cannot find the path specified.
  2026-08-22 15:19:06 /api/captcha/control/status .............................................................. ~ 1s
  The system cannot find the path specified.
  2026-08-22 15:19:17 /api/captcha/control/status .............................................................. ~ 1s
  The system cannot find the path specified.
  2026-08-22 15:19:32 /api/captcha/control/status .............................................................. ~ 1s
  2026-08-22 15:19:35 /login ................................................................................... ~ 3s
  2026-08-22 15:19:38 /login ................................................................................... ~ 1s
  2026-08-22 15:19:40 /api/api-tester/signin ............................................................. ~ 508.85ms
  The system cannot find the path specified.
  2026-08-22 15:19:47 /api/captcha/control/status .............................................................. ~ 1s
  The system cannot find the path specified.
  2026-08-22 15:20:02 /api/captcha/control/status .............................................................. ~ 1s
  The system cannot find the path specified.
  2026-08-22 15:20:03 /api/captcha/control/status .............................................................. ~ 1s
  The system cannot find the path specified.
  2026-08-22 15:20:17 /api/captcha/control/status .............................................................. ~ 1s
  The system cannot find the path specified.
  2026-08-22 15:20:32 /api/captcha/control/status .............................................................. ~ 1s
  The system cannot find the path specified.
  2026-08-22 15:20:47 /api/captcha/control/status ........................................................ ~ 512.40ms
  The system cannot find the path specified.
  2026-08-22 15:21:02 /api/captcha/control/status .............................................................. ~ 1s
  The system cannot find the path specified.
  2026-08-22 15:21:03 /api/captcha/control/status .............................................................. ~ 1s
  The system cannot find the path specified.
  2026-08-22 15:21:17 /api/captcha/control/status ........................................................ ~ 509.49ms
  The system cannot find the path specified.
  2026-08-22 15:21:32 /api/captcha/control/status ........................................................ ~ 503.19ms
  The system cannot find the path specified.
  2026-08-22 15:21:47 /api/captcha/control/status ........................................................ ~ 502.39ms
  The system cannot find the path specified.
  2026-08-22 15:22:02 /api/captcha/control/status ........................................................ ~ 502.72ms
  The system cannot find the path specified.
  2026-08-22 15:22:03 /api/captcha/control/status ........................................................ ~ 520.61ms
  The system cannot find the path specified.
  2026-08-22 15:22:17 /api/captcha/control/status ........................................................ ~ 500.96ms
  The system cannot find the path specified.
  2026-08-22 15:22:32 /api/captcha/control/status ........................................................ ~ 503.70ms
  The system cannot find the path specified.
  2026-08-22 15:22:47 /api/captcha/control/status .............................................................. ~ 1s
  The system cannot find the path specified.
  2026-08-22 15:23:02 /api/captcha/control/status .............................................................. ~ 1s
  The system cannot find the path specified.
  2026-08-22 15:23:17 /api/captcha/control/status .............................................................. ~ 1s
  The system cannot find the path specified.
  2026-08-22 15:23:32 /api/captcha/control/status ........................................................ ~ 501.42ms
  The system cannot find the path specified.
  2026-08-22 15:23:47 /api/captcha/control/status ........................................................ ~ 501.62ms
  The system cannot find the path specified.
  2026-08-22 15:24:02 /api/captcha/control/status ........................................................ ~ 501.79ms
  The system cannot find the path specified.
  2026-08-22 15:24:17 /api/captcha/control/status .............................................................. ~ 1s
  The system cannot find the path specified.
  2026-08-22 15:24:32 /api/captcha/control/status .............................................................. ~ 1s
  The system cannot find the path specified.
  2026-08-22 15:24:47 /api/captcha/control/status ........................................................ ~ 503.24ms
  The system cannot find the path specified.
  2026-08-22 15:25:02 /api/captcha/control/status ........................................................ ~ 501.42ms
  The system cannot find the path specified.
  2026-08-22 15:25:17 /api/captcha/control/status ........................................................ ~ 503.66ms
  The system cannot find the path specified.
  2026-08-22 15:25:32 /api/captcha/control/status .............................................................. ~ 2s
  The system cannot find the path specified.
  2026-08-22 15:25:47 /api/captcha/control/status .............................................................. ~ 1s
  The system cannot find the path specified.
  2026-08-22 15:26:02 /api/captcha/control/status .............................................................. ~ 1s
  The system cannot find the path specified.
  2026-08-22 15:26:17 /api/captcha/control/status .............................................................. ~ 1s
  The system cannot find the path specified.
  2026-08-22 15:26:32 /api/captcha/control/status .............................................................. ~ 1s
  The system cannot find the path specified.
  2026-08-22 15:26:47 /api/captcha/control/status .............................................................. ~ 1s
  The system cannot find the path specified.
  2026-08-22 15:27:02 /api/captcha/control/status .............................................................. ~ 1s
  The system cannot find the path specified.
  2026-08-22 15:27:17 /api/captcha/control/status .............................................................. ~ 1s
  The system cannot find the path specified.
  2026-08-22 15:27:32 /api/captcha/control/status .............................................................. ~ 1s
  The system cannot find the path specified.
  2026-08-22 15:27:47 /api/captcha/control/status .............................................................. ~ 1s
  The system cannot find the path specified.
  2026-08-22 15:28:02 /api/captcha/control/status .............................................................. ~ 1s
  The system cannot find the path specified.
  2026-08-22 15:28:17 /api/captcha/control/status .............................................................. ~ 1s
  The system cannot find the path specified.
  2026-08-22 15:28:32 /api/captcha/control/status .............................................................. ~ 1s
  The system cannot find the path specified.
  2026-08-22 15:28:47 /api/captcha/control/status .............................................................. ~ 1s
  The system cannot find the path specified.
  2026-08-22 15:29:02 /api/captcha/control/status .............................................................. ~ 1s
  The system cannot find the path specified.
  2026-08-22 15:29:17 /api/captcha/control/status ........................................................ ~ 505.45ms
  The system cannot find the path specified.
  2026-08-22 15:29:32 /api/captcha/control/status .............................................................. ~ 1s
  The system cannot find the path specified.
  2026-08-22 15:29:47 /api/captcha/control/status .............................................................. ~ 1s
  2026-08-22 15:29:47 /build/assets/AppSidebarLayout-C66usCqP.css .............................................. ~ 2s
  2026-08-22 15:29:47 /build/assets/app-DDbAgoTg.css ........................................................... ~ 2s
  2026-08-22 15:29:49 /build/assets/Index-DtxZLcdl.js ..................................................... ~ 18.15ms
  2026-08-22 15:29:49 /build/assets/app-B1Zb6IqD.js ....................................................... ~ 40.31ms
  2026-08-22 15:29:49 /build/assets/AppSidebarLayout.vue_vue_type_script_setup_true_lang-CSLWTG4v.js ...... ~ 72.21ms
  2026-08-22 15:29:49 /build/assets/refresh-cw-B4I-tE4I.js ................................................ ~ 73.67ms
  2026-08-22 15:29:49 /build/assets/info-Cm_QQO__.js ...................................................... ~ 94.90ms
  2026-08-22 15:29:49 /build/assets/loader-circle-DteeGzBU.js ............................................. ~ 87.52ms
  2026-08-22 15:29:49 /build/assets/pencil-line-VgIGzLtq.js ............................................... ~ 67.99ms
  2026-08-22 15:29:49 /build/assets/undo-2-Di3rMf38.js .................................................... ~ 40.34ms
  2026-08-22 15:29:49 /build/assets/check-DJ944RwS.js ..................................................... ~ 16.90ms
  2026-08-22 15:29:49 /build/assets/rotate-ccw-CPPDUzt1.js ................................................ ~ 17.55ms
  2026-08-22 15:29:49 /build/assets/save-BYyilgWr.js ...................................................... ~ 24.85ms
  2026-08-22 15:29:49 /build/assets/index-BxH8y1zF.js ..................................................... ~ 24.71ms
  2026-08-22 15:29:49 /build/assets/index-BfIqpL0c.js ..................................................... ~ 29.21ms
  2026-08-22 15:29:49 /build/assets/VisuallyHidden-LkW1TJIT.js ............................................ ~ 29.64ms
  2026-08-22 15:29:49 /build/assets/useForwardExpose-blqrO72D.js ........................................... ~ 0.19ms
  2026-08-22 15:29:49 /build/assets/useForwardPropsEmits-B1RYwbEt.js ....................................... ~ 2.80ms
  2026-08-22 15:29:49 /build/assets/createLucideIcon-CoZlq9ov.js .......................................... ~ 11.47ms
  2026-08-22 15:29:49 /build/assets/index-dTeW3-Go.js ..................................................... ~ 13.72ms
  2026-08-22 15:29:49 /build/assets/_plugin-vue_export-helper-DlAUqK2U.js ................................. ~ 16.68ms
  2026-08-22 15:29:49 /build/assets/smartphone-CYbcZnlg.js ................................................ ~ 18.41ms
  2026-08-22 15:29:49 /build/assets/puzzle-BZP4zm61.js ..................................................... ~ 5.51ms
  2026-08-22 15:29:49 /build/assets/mail-BcIk-dkq.js ....................................................... ~ 3.88ms
  2026-08-22 15:29:49 /build/assets/chevron-right-B6TqFNqg.js .............................................. ~ 7.45ms
  The system cannot find the path specified.
  2026-08-22 15:30:02 /api/captcha/control/status .............................................................. ~ 1s
  The system cannot find the path specified.
  2026-08-22 15:30:05 /api/captcha/control/status .............................................................. ~ 1s
  The system cannot find the path specified.
  2026-08-22 15:30:17 /api/captcha/control/status .............................................................. ~ 1s
  The system cannot find the path specified.
  2026-08-22 15:30:20 /api/captcha/control/status .............................................................. ~ 2s
  The system cannot find the path specified.
  2026-08-22 15:30:32 /api/captcha/control/status .............................................................. ~ 1s
  The system cannot find the path specified.
  2026-08-22 15:30:35 /api/captcha/control/status .............................................................. ~ 1s
  The system cannot find the path specified.
  2026-08-22 15:30:47 /api/captcha/control/status .............................................................. ~ 1s
  The system cannot find the path specified.
  2026-08-22 15:30:50 /api/captcha/control/status .............................................................. ~ 1s
  The system cannot find the path specified.
  2026-08-22 15:31:02 /api/captcha/control/status .............................................................. ~ 2s
  The system cannot find the path specified.
  2026-08-22 15:31:05 /api/captcha/control/status .............................................................. ~ 2s
  The system cannot find the path specified.
  2026-08-22 15:31:17 /api/captcha/control/status .............................................................. ~ 1s
  The system cannot find the path specified.
  2026-08-22 15:31:20 /api/captcha/control/status .............................................................. ~ 1s
  The system cannot find the path specified.
  2026-08-22 15:31:32 /api/captcha/control/status .............................................................. ~ 2s
  The system cannot find the path specified.
  2026-08-22 15:31:35 /api/captcha/control/status .............................................................. ~ 2s
  The system cannot find the path specified.
  2026-08-22 15:31:47 /api/captcha/control/status .............................................................. ~ 2s
  The system cannot find the path specified.
  2026-08-22 15:31:50 /api/captcha/control/status .............................................................. ~ 2s
  The system cannot find the path specified.
  2026-08-22 15:32:02 /api/captcha/control/status .............................................................. ~ 2s
  The system cannot find the path specified.
  2026-08-22 15:32:05 /api/captcha/control/status .............................................................. ~ 2s
  The system cannot find the path specified.
  2026-08-22 15:32:17 /api/captcha/control/status .............................................................. ~ 1s
  The system cannot find the path specified.
  2026-08-22 15:32:20 /api/captcha/control/status .............................................................. ~ 1s
  The system cannot find the path specified.
  2026-08-22 15:32:32 /api/captcha/control/status .............................................................. ~ 1s
  The system cannot find the path specified.
  2026-08-22 15:32:35 /api/captcha/control/status .............................................................. ~ 1s
  The system cannot find the path specified.
  2026-08-22 15:32:47 /api/captcha/control/status .............................................................. ~ 1s
  The system cannot find the path specified.
  2026-08-22 15:32:50 /api/captcha/control/status .............................................................. ~ 1s
  The system cannot find the path specified.
  2026-08-22 15:33:02 /api/captcha/control/status .............................................................. ~ 2s
  The system cannot find the path specified.
  2026-08-22 15:33:05 /api/captcha/control/status .............................................................. ~ 1s
  The system cannot find the path specified.
  2026-08-22 15:33:17 /api/captcha/control/status .............................................................. ~ 1s
  The system cannot find the path specified.
  2026-08-22 15:33:20 /api/captcha/control/status .............................................................. ~ 1s
  The system cannot find the path specified.
  2026-08-22 15:33:32 /api/captcha/control/status .............................................................. ~ 2s
  The system cannot find the path specified.
  2026-08-22 15:33:36 /api/captcha/control/status .............................................................. ~ 1s
  The system cannot find the path specified.
  2026-08-22 15:33:47 /api/captcha/control/status .............................................................. ~ 1s
  The system cannot find the path specified.
  2026-08-22 15:33:50 /api/captcha/control/status .............................................................. ~ 1s
  The system cannot find the path specified.
  2026-08-22 15:34:02 /api/captcha/control/status .............................................................. ~ 1s
  The system cannot find the path specified.
  2026-08-22 15:34:05 /api/captcha/control/status .............................................................. ~ 2s
  The system cannot find the path specified.
  2026-08-22 15:34:17 /api/captcha/control/status .............................................................. ~ 1s
  The system cannot find the path specified.
  2026-08-22 15:34:20 /api/captcha/control/status .............................................................. ~ 1s
  The system cannot find the path specified.
  2026-08-22 15:34:32 /api/captcha/control/status .............................................................. ~ 2s
  The system cannot find the path specified.
  2026-08-22 15:34:35 /api/captcha/control/status .............................................................. ~ 2s
  The system cannot find the path specified.
  2026-08-22 15:34:47 /api/captcha/control/status .............................................................. ~ 1s
  The system cannot find the path specified.
  2026-08-22 15:35:02 /api/captcha/control/status .............................................................. ~ 1s
  The system cannot find the path specified.
  2026-08-22 15:35:04 /api/captcha/control/status .............................................................. ~ 1s
  The system cannot find the path specified.
  2026-08-22 15:35:17 /api/captcha/control/status .............................................................. ~ 1s
  The system cannot find the path specified.
  2026-08-22 15:35:32 /api/captcha/control/status .............................................................. ~ 1s
  The system cannot find the path specified.
  2026-08-22 15:35:47 /api/captcha/control/status .............................................................. ~ 2s
  The system cannot find the path specified.
  2026-08-22 15:35:57 /api/captcha/control/status .............................................................. ~ 2s
  The system cannot find the path specified.
  2026-08-22 15:36:02 /api/captcha/control/status .............................................................. ~ 2s
  The system cannot find the path specified.
  2026-08-22 15:36:05 /api/captcha/control/status .............................................................. ~ 2s
  2026-08-22 15:36:07 /in-house-captcha ........................................................................ ~ 2s
  2026-08-22 15:36:07 /captcha-control ......................................................................... ~ 4s
  2026-08-22 15:36:09 /captcha-providers ....................................................................... ~ 3s
  2026-08-22 15:36:13 /build/assets/Index-DvV6lbAM.js ...................................................... ~ 0.47ms
  2026-08-22 15:36:13 /build/assets/index-BTnYw6RG.js ..................................................... ~ 10.64ms
  2026-08-22 15:36:13 /build/assets/Checkbox.vue_vue_type_script_setup_true_lang-BrSRk1AB.js .............. ~ 25.31ms
  2026-08-22 15:36:13 /build/assets/Input.vue_vue_type_script_setup_true_lang-CIcm4hqe.js .................. ~ 0.21ms
  2026-08-22 15:36:13 /build/assets/Label.vue_vue_type_script_setup_true_lang-IhCc35Wo.js .................. ~ 2.00ms
  2026-08-22 15:36:13 /build/assets/TableCell.vue_vue_type_script_setup_true_lang-C10PdRKF.js .............. ~ 0.51ms
  2026-08-22 15:36:13 /build/assets/circle-stop-BhVz6Dbc.js ................................................ ~ 0.19ms
  2026-08-22 15:36:13 /build/assets/trash-2-Z_3x-2MY.js .................................................... ~ 0.27ms
  2026-08-22 15:36:13 /build/assets/copy-BIRNYvOT.js ....................................................... ~ 0.22ms
  2026-08-22 15:36:13 /build/assets/terminal-C7UuWrda.js ................................................... ~ 0.23ms
  2026-08-22 15:36:13 /images/blitz-logo.webp .............................................................. ~ 0.41ms
  2026-08-22 15:36:13 /api/captcha-providers ................................................................... ~ 1s
  The system cannot find the path specified.
  2026-08-22 15:36:15 /api/captcha/control/status .............................................................. ~ 1s
  2026-08-22 15:36:15 /api/captcha-providers ................................................................... ~ 3s
  2026-08-22 15:36:16 /api/captcha/pool-tokens ................................................................. ~ 2s
  The system cannot find the path specified.
  2026-08-22 15:36:18 /api/captcha/control/status .............................................................. ~ 2s
  The system cannot find the path specified.
  2026-08-22 15:36:19 /api/captcha/control/status .............................................................. ~ 2s
  2026-08-22 15:36:21 /api/captcha/pool-tokens ................................................................. ~ 2s
  The system cannot find the path specified.
  2026-08-22 15:36:22 /api/captcha/control/status .............................................................. ~ 2s
  2026-08-22 15:36:23 /api/captcha/pool-tokens ................................................................. ~ 2s
  The system cannot find the path specified.
  2026-08-22 15:36:24 /api/captcha/control/status .............................................................. ~ 2s
  2026-08-22 15:36:25 /api/captcha/pool-tokens ................................................................. ~ 2s
  The system cannot find the path specified.
  2026-08-22 15:36:27 /api/captcha/control/status .............................................................. ~ 2s
  2026-08-22 15:36:28 /api/captcha/pool-tokens ................................................................. ~ 2s
  The system cannot find the path specified.
  2026-08-22 15:36:29 /api/captcha/control/status .............................................................. ~ 2s
  2026-08-22 15:36:30 /api/captcha/pool-tokens ................................................................. ~ 2s
  The system cannot find the path specified.
  2026-08-22 15:36:31 /api/captcha/control/status .............................................................. ~ 2s
  2026-08-22 15:36:32 /api/captcha/pool-tokens ................................................................. ~ 2s
  The system cannot find the path specified.
  2026-08-22 15:36:33 /api/captcha/control/status .............................................................. ~ 2s
  The system cannot find the path specified.
  2026-08-22 15:36:35 /api/captcha/control/status .............................................................. ~ 3s
  2026-08-22 15:36:36 /api/captcha/pool-tokens ................................................................. ~ 2s
  The system cannot find the path specified.
  2026-08-22 15:36:38 /api/captcha/control/status .............................................................. ~ 2s
  2026-08-22 15:36:39 /api/captcha/pool-tokens ................................................................. ~ 3s
  The system cannot find the path specified.
  2026-08-22 15:36:41 /api/captcha/control/status .............................................................. ~ 3s
  2026-08-22 15:36:42 /api/captcha/pool-tokens ................................................................. ~ 2s
  The system cannot find the path specified.
  2026-08-22 15:36:43 /api/captcha/control/status .............................................................. ~ 2s
  2026-08-22 15:36:45 /api/captcha/pool-tokens ................................................................. ~ 2s
  The system cannot find the path specified.
  2026-08-22 15:36:46 /api/captcha/control/status .............................................................. ~ 2s
  2026-08-22 15:36:47 /api/captcha/pool-tokens ................................................................. ~ 2s
  The system cannot find the path specified.
  2026-08-22 15:36:48 /api/captcha/control/status .............................................................. ~ 3s
  The system cannot find the path specified.
  2026-08-22 15:36:50 /api/captcha/control/status .............................................................. ~ 3s
  2026-08-22 15:36:51 /api/captcha/pool-tokens ................................................................. ~ 3s
  The system cannot find the path specified.
  2026-08-22 15:36:53 /api/captcha/control/status .............................................................. ~ 3s
  2026-08-22 15:36:54 /api/captcha/pool-tokens ................................................................. ~ 3s
  The system cannot find the path specified.
  2026-08-22 15:36:56 /api/captcha/control/status .............................................................. ~ 3s
  2026-08-22 15:36:58 /api/captcha/pool-tokens ................................................................. ~ 3s
  The system cannot find the path specified.
  2026-08-22 15:36:59 /api/captcha/control/status .............................................................. ~ 3s
  2026-08-22 15:37:01 /api/captcha/pool-tokens ................................................................. ~ 3s
  The system cannot find the path specified.
  2026-08-22 15:37:03 /api/captcha/control/status .............................................................. ~ 3s
  The system cannot find the path specified.
  2026-08-22 15:37:05 /api/captcha/control/status .............................................................. ~ 4s
  The system cannot find the path specified.
  2026-08-22 15:37:07 /api/captcha/control/status .............................................................. ~ 4s
  The system cannot find the path specified.
  2026-08-22 15:37:09 /api/captcha/control/status .............................................................. ~ 3s
  2026-08-22 15:37:10 /api/captcha/pool-tokens ................................................................. ~ 3s
  The system cannot find the path specified.
  2026-08-22 15:37:12 /api/captcha/control/status .............................................................. ~ 4s
  The system cannot find the path specified.
  2026-08-22 15:37:14 /api/captcha/control/status .............................................................. ~ 3s
  2026-08-22 15:37:16 /api/captcha/pool-tokens ................................................................. ~ 2s
  The system cannot find the path specified.
  2026-08-22 15:37:18 /api/captcha/control/status .............................................................. ~ 2s
  2026-08-22 15:37:19 /api/captcha/pool-tokens ................................................................. ~ 2s
  The system cannot find the path specified.
  2026-08-22 15:37:20 /api/captcha/control/status .............................................................. ~ 2s
  2026-08-22 15:37:22 /api/captcha/request ..................................................................... ~ 3s
  The system cannot find the path specified.
  2026-08-22 15:37:23 /api/captcha/control/status .............................................................. ~ 2s
  2026-08-22 15:37:25 /api/captcha/pool-tokens ................................................................. ~ 2s
  The system cannot find the path specified.
  2026-08-22 15:37:26 /api/captcha/control/status .............................................................. ~ 2s
  2026-08-22 15:37:27 /api/captcha/pool-tokens ................................................................. ~ 2s
  2026-08-22 15:37:28 /api/captcha/pool-tokens ................................................................. ~ 2s
  The system cannot find the path specified.
  2026-08-22 15:37:29 /api/captcha/control/status .............................................................. ~ 2s
  The system cannot find the path specified.
  2026-08-22 15:37:30 /api/captcha/control/status .............................................................. ~ 2s
  2026-08-22 15:37:31 /api/captcha/pool-tokens ................................................................. ~ 2s
  The system cannot find the path specified.
  2026-08-22 15:37:33 /api/captcha/control/status .............................................................. ~ 2s
  The system cannot find the path specified.
  2026-08-22 15:37:34 /api/captcha/control/status .............................................................. ~ 2s
  2026-08-22 15:37:35 /api/captcha/pool-tokens ................................................................. ~ 2s
  The system cannot find the path specified.
  2026-08-22 15:37:36 /api/captcha/control/status .............................................................. ~ 2s
  The system cannot find the path specified.
  2026-08-22 15:37:37 /api/captcha/control/status .............................................................. ~ 2s
  2026-08-22 15:37:38 /api/captcha/pool-tokens ................................................................. ~ 2s
  The system cannot find the path specified.
  2026-08-22 15:37:39 /api/captcha/control/status .............................................................. ~ 2s
  2026-08-22 15:37:41 /api/captcha/pool-tokens ................................................................. ~ 2s
  2026-08-22 15:37:42 /api/captcha/request/5aff4a72-eddd-4ee1-a86f-8d3b3905964e ................................ ~ 2s
  The system cannot find the path specified.
  2026-08-22 15:37:43 /api/captcha/control/status .............................................................. ~ 2s
  2026-08-22 15:37:44 /api/captcha/pool-tokens ................................................................. ~ 2s
  The system cannot find the path specified.
  2026-08-22 15:37:45 /api/captcha/control/status .............................................................. ~ 2s
  2026-08-22 15:37:47 /api/captcha/pool-tokens ................................................................. ~ 2s
  The system cannot find the path specified.
  2026-08-22 15:37:48 /api/captcha/control/status .............................................................. ~ 2s
  2026-08-22 15:37:49 /api/captcha/pool-tokens ................................................................. ~ 2s
  2026-08-22 15:37:50 /api/captcha/pool-tokens ................................................................. ~ 2s
  The system cannot find the path specified.
  2026-08-22 15:37:51 /api/captcha/control/status .............................................................. ~ 2s
  The system cannot find the path specified.
  2026-08-22 15:37:52 /api/captcha/control/status .............................................................. ~ 2s
  The system cannot find the path specified.
  2026-08-22 15:37:54 /api/captcha/control/status .............................................................. ~ 2s
  The system cannot find the path specified.
  2026-08-22 15:37:55 /api/captcha/control/status .............................................................. ~ 2s
  2026-08-22 15:37:56 /api/captcha/pool-tokens ................................................................. ~ 2s
  The system cannot find the path specified.
  2026-08-22 15:37:57 /api/captcha/control/status .............................................................. ~ 2s
  2026-08-22 15:37:59 /api/captcha/pool-tokens ................................................................. ~ 2s
  The system cannot find the path specified.
  2026-08-22 15:38:00 /api/captcha/control/status .............................................................. ~ 3s
  2026-08-22 15:38:01 /api/captcha/pool-tokens ................................................................. ~ 3s
  The system cannot find the path specified.
  2026-08-22 15:38:03 /api/captcha/control/status .............................................................. ~ 2s
  2026-08-22 15:38:04 /api/captcha/pool-tokens ................................................................. ~ 3s
  The system cannot find the path specified.
  2026-08-22 15:38:06 /api/captcha/control/status .............................................................. ~ 3s
  2026-08-22 15:38:07 /api/captcha/pool-tokens ................................................................. ~ 3s
  The system cannot find the path specified.
  2026-08-22 15:38:09 /api/captcha/control/status .............................................................. ~ 3s
  The system cannot find the path specified.
  2026-08-22 15:38:10 /api/captcha/control/status .............................................................. ~ 3s
  2026-08-22 15:38:12 /api/captcha/pool-tokens ................................................................. ~ 2s
  2026-08-22 15:38:13 /api/captcha/request/5aff4a72-eddd-4ee1-a86f-8d3b3905964e ................................ ~ 2s
  The system cannot find the path specified.
  2026-08-22 15:38:14 /api/captcha/control/status .............................................................. ~ 2s
  2026-08-22 15:38:16 /api/captcha/pool-tokens ................................................................. ~ 2s
  The system cannot find the path specified.
  2026-08-22 15:38:17 /api/captcha/control/status .............................................................. ~ 3s
  2026-08-22 15:38:18 /api/captcha/pool-tokens ................................................................. ~ 3s
  The system cannot find the path specified.
  2026-08-22 15:38:20 /api/captcha/control/status .............................................................. ~ 3s
  The system cannot find the path specified.
  2026-08-22 15:38:22 /api/captcha/control/status .............................................................. ~ 3s
  2026-08-22 15:38:23 /api/captcha/pool-tokens ................................................................. ~ 3s
  The system cannot find the path specified.
  2026-08-22 15:38:25 /api/captcha/control/status .............................................................. ~ 3s
  The system cannot find the path specified.
  2026-08-22 15:38:26 /api/captcha/control/status .............................................................. ~ 3s
  2026-08-22 15:38:28 /api/captcha/pool-tokens ................................................................. ~ 3s
  2026-08-22 15:38:30 /api/captcha/pool-tokens ................................................................. ~ 3s
  The system cannot find the path specified.
  2026-08-22 15:38:31 /api/captcha/control/status .............................................................. ~ 3s
  The system cannot find the path specified.
  2026-08-22 15:38:33 /api/captcha/control/status .............................................................. ~ 3s
  2026-08-22 15:38:34 /api/captcha/pool-tokens ................................................................. ~ 3s
  The system cannot find the path specified.
  2026-08-22 15:38:36 /api/captcha/control/status .............................................................. ~ 3s
  2026-08-22 15:38:38 /api/captcha/pool-tokens ................................................................. ~ 3s
  The system cannot find the path specified.
  2026-08-22 15:38:40 /api/captcha/control/status .............................................................. ~ 3s
  The system cannot find the path specified.
  2026-08-22 15:38:41 /api/captcha/control/status .............................................................. ~ 3s
  2026-08-22 15:38:43 /api/captcha/pool-tokens ................................................................. ~ 2s
  The system cannot find the path specified.
  2026-08-22 15:38:44 /api/captcha/control/status .............................................................. ~ 3s
  2026-08-22 15:38:46 /api/captcha/pool-tokens ................................................................. ~ 3s
  The system cannot find the path specified.
  2026-08-22 15:38:47 /api/captcha/control/status .............................................................. ~ 3s
  The system cannot find the path specified.
  2026-08-22 15:38:49 /api/captcha/control/status .............................................................. ~ 3s
  2026-08-22 15:38:51 /api/captcha/pool-tokens ................................................................. ~ 3s
  The system cannot find the path specified.
  2026-08-22 15:38:52 /api/captcha/control/status .............................................................. ~ 3s
  The system cannot find the path specified.
  2026-08-22 15:38:54 /api/captcha/control/status .............................................................. ~ 3s
  2026-08-22 15:38:55 /api/captcha/pool-tokens ................................................................. ~ 3s
  The system cannot find the path specified.
  2026-08-22 15:38:57 /api/captcha/control/status .............................................................. ~ 3s
  2026-08-22 15:38:58 /api/captcha/pool-tokens ................................................................. ~ 3s
  The system cannot find the path specified.
  2026-08-22 15:39:00 /api/captcha/control/status .............................................................. ~ 3s
  2026-08-22 15:39:02 /api/captcha/pool-tokens ................................................................. ~ 3s
  The system cannot find the path specified.
  2026-08-22 15:39:03 /api/captcha/control/status .............................................................. ~ 2s
  2026-08-22 15:39:04 /api/captcha/pool-tokens ................................................................. ~ 3s
  The system cannot find the path specified.
  2026-08-22 15:39:06 /api/captcha/control/status .............................................................. ~ 4s
  2026-08-22 15:39:08 /api/captcha/pool-tokens ................................................................. ~ 4s
  The system cannot find the path specified.
  2026-08-22 15:39:10 /api/captcha/control/status .............................................................. ~ 4s
  The system cannot find the path specified.
  2026-08-22 15:39:12 /api/captcha/control/status .............................................................. ~ 3s
  2026-08-22 15:39:14 /api/captcha/pool-tokens ................................................................. ~ 3s
  2026-08-22 15:39:16 /api/captcha/request/5aff4a72-eddd-4ee1-a86f-8d3b3905964e ................................ ~ 3s
  The system cannot find the path specified.
  2026-08-22 15:39:17 /api/captcha/control/status .............................................................. ~ 3s
  2026-08-22 15:39:19 /api/captcha/pool-tokens ................................................................. ~ 4s
  The system cannot find the path specified.
  2026-08-22 15:39:21 /api/captcha/control/status .............................................................. ~ 3s
  The system cannot find the path specified.
  2026-08-22 15:39:23 /api/captcha/control/status .............................................................. ~ 3s
  2026-08-22 15:39:25 /api/captcha/pool-tokens ................................................................. ~ 2s
  The system cannot find the path specified.
  2026-08-22 15:39:26 /api/captcha/control/status .............................................................. ~ 2s
  The system cannot find the path specified.
  2026-08-22 15:39:27 /api/captcha/control/status .............................................................. ~ 3s
  2026-08-22 15:39:29 /api/captcha/pool-tokens ................................................................. ~ 2s
  The system cannot find the path specified.
  2026-08-22 15:39:30 /api/captcha/control/status .............................................................. ~ 2s
  2026-08-22 15:39:31 /api/captcha/pool-tokens ................................................................. ~ 2s
  The system cannot find the path specified.
  2026-08-22 15:39:33 /api/captcha/control/status .............................................................. ~ 2s
  2026-08-22 15:39:34 /api/captcha/pool-tokens ................................................................. ~ 3s
  The system cannot find the path specified.
  2026-08-22 15:39:36 /api/captcha/control/status .............................................................. ~ 3s
  2026-08-22 15:39:37 /api/captcha/pool-tokens ................................................................. ~ 3s
  The system cannot find the path specified.
  2026-08-22 15:39:39 /api/captcha/control/status .............................................................. ~ 3s
  The system cannot find the path specified.
  2026-08-22 15:39:40 /api/captcha/control/status .............................................................. ~ 3s
  2026-08-22 15:39:42 /api/captcha/pool-tokens ................................................................. ~ 3s
  The system cannot find the path specified.
  2026-08-22 15:39:43 /api/captcha/control/status .............................................................. ~ 3s
  2026-08-22 15:39:45 /api/captcha/pool-tokens ................................................................. ~ 2s
  2026-08-22 15:39:46 /api/captcha/pool-tokens ................................................................. ~ 1s
  The system cannot find the path specified.
  2026-08-22 15:39:47 /api/captcha/control/status .............................................................. ~ 2s
  The system cannot find the path specified.
  2026-08-22 15:39:48 /api/captcha/control/status .............................................................. ~ 2s
  The system cannot find the path specified.
  2026-08-22 15:39:49 /api/captcha/control/status .............................................................. ~ 3s
  2026-08-22 15:39:51 /api/captcha/pool-tokens ................................................................. ~ 3s
  The system cannot find the path specified.
  2026-08-22 15:39:52 /api/captcha/control/status .............................................................. ~ 3s
  The system cannot find the path specified.
  2026-08-22 15:39:54 /api/captcha/control/status .............................................................. ~ 3s
  2026-08-22 15:39:55 /api/captcha/request/5aff4a72-eddd-4ee1-a86f-8d3b3905964e ................................ ~ 3s
  2026-08-22 15:39:57 /api/captcha/pool-tokens ................................................................. ~ 3s
  The system cannot find the path specified.
  2026-08-22 15:39:59 /api/captcha/control/status .............................................................. ~ 3s
  2026-08-22 15:40:01 /api/captcha/request/5aff4a72-eddd-4ee1-a86f-8d3b3905964e ................................ ~ 3s
  The system cannot find the path specified.
  2026-08-22 15:40:04 /api/captcha/control/status .............................................................. ~ 1s
  The system cannot find the path specified.
  2026-08-22 15:40:04 /api/captcha/control/status .............................................................. ~ 3s
  2026-08-22 15:40:05 /api/captcha/pool-tokens ................................................................. ~ 3s
  2026-08-22 15:40:07 /api/captcha/request/5aff4a72-eddd-4ee1-a86f-8d3b3905964e ................................ ~ 3s
  The system cannot find the path specified.
  2026-08-22 15:40:09 /api/captcha/control/status .............................................................. ~ 3s
  2026-08-22 15:40:12 /api/captcha/request/5aff4a72-eddd-4ee1-a86f-8d3b3905964e ................................ ~ 2s
  2026-08-22 15:40:15 /api/captcha/request/5aff4a72-eddd-4ee1-a86f-8d3b3905964e ................................ ~ 2s
  The system cannot find the path specified.
  2026-08-22 15:40:18 /api/captcha/control/status .............................................................. ~ 3s
  2026-08-22 15:40:21 /api/captcha/request/5aff4a72-eddd-4ee1-a86f-8d3b3905964e ................................ ~ 3s
  2026-08-22 15:40:26 /api/captcha/request/5aff4a72-eddd-4ee1-a86f-8d3b3905964e ................................ ~ 4s
  2026-08-22 15:40:30 /api/captcha/request/5aff4a72-eddd-4ee1-a86f-8d3b3905964e ................................ ~ 3s
  The system cannot find the path specified.
  2026-08-22 15:40:34 /api/captcha/control/status .............................................................. ~ 2s
  2026-08-22 15:40:36 /api/captcha/request/5aff4a72-eddd-4ee1-a86f-8d3b3905964e ................................ ~ 1s
  2026-08-22 15:40:37 /api/captcha/request/5aff4a72-eddd-4ee1-a86f-8d3b3905964e ................................ ~ 1s
  2026-08-22 15:40:39 /api/captcha/request/5aff4a72-eddd-4ee1-a86f-8d3b3905964e ................................ ~ 1s
  2026-08-22 15:40:41 /api/captcha/request/5aff4a72-eddd-4ee1-a86f-8d3b3905964e ................................ ~ 1s
  2026-08-22 15:40:43 /api/captcha/request/5aff4a72-eddd-4ee1-a86f-8d3b3905964e ................................ ~ 1s
  2026-08-22 15:40:45 /api/captcha/request/5aff4a72-eddd-4ee1-a86f-8d3b3905964e ................................ ~ 1s
  The system cannot find the path specified.
  2026-08-22 15:40:47 /api/captcha/control/status .............................................................. ~ 1s
  2026-08-22 15:40:49 /api/captcha/request/5aff4a72-eddd-4ee1-a86f-8d3b3905964e ................................ ~ 1s
  2026-08-22 15:40:50 /api/captcha/request/5aff4a72-eddd-4ee1-a86f-8d3b3905964e ................................ ~ 1s
  2026-08-22 15:40:52 /api/captcha/request/5aff4a72-eddd-4ee1-a86f-8d3b3905964e ................................ ~ 1s
  2026-08-22 15:40:54 /api/captcha/request/5aff4a72-eddd-4ee1-a86f-8d3b3905964e ................................ ~ 1s
  2026-08-22 15:40:57 /api/captcha/request/5aff4a72-eddd-4ee1-a86f-8d3b3905964e ................................ ~ 1s
  2026-08-22 15:41:00 /api/captcha/request/5aff4a72-eddd-4ee1-a86f-8d3b3905964e ................................ ~ 1s
  The system cannot find the path specified.
  2026-08-22 15:41:02 /api/captcha/control/status .............................................................. ~ 2s
  2026-08-22 15:41:05 /api/captcha/request/5aff4a72-eddd-4ee1-a86f-8d3b3905964e ................................ ~ 2s
  The system cannot find the path specified.
  2026-08-22 15:41:05 /api/captcha/control/status .............................................................. ~ 3s
  2026-08-22 15:41:06 /api/captcha/pool-tokens ................................................................. ~ 3s
  2026-08-22 15:41:08 /api/captcha/request/5aff4a72-eddd-4ee1-a86f-8d3b3905964e ................................ ~ 3s
  The system cannot find the path specified.
  2026-08-22 15:41:10 /api/captcha/control/status .............................................................. ~ 2s
  2026-08-22 15:41:12 /api/captcha/request/5aff4a72-eddd-4ee1-a86f-8d3b3905964e .......................... ~ 514.14ms
  2026-08-22 15:41:13 /api/captcha/request/5aff4a72-eddd-4ee1-a86f-8d3b3905964e ................................ ~ 1s
  2026-08-22 15:41:15 /api/captcha/request/5aff4a72-eddd-4ee1-a86f-8d3b3905964e ................................ ~ 1s
  The system cannot find the path specified.
  2026-08-22 15:41:17 /api/captcha/control/status .............................................................. ~ 1s
  2026-08-22 15:41:19 /api/captcha/request/5aff4a72-eddd-4ee1-a86f-8d3b3905964e ................................ ~ 1s
  2026-08-22 15:41:20 /api/captcha/request/5aff4a72-eddd-4ee1-a86f-8d3b3905964e ................................ ~ 1s
  2026-08-22 15:41:22 /api/captcha/request/5aff4a72-eddd-4ee1-a86f-8d3b3905964e ................................ ~ 1s
  2026-08-22 15:41:24 /api/captcha/request/5aff4a72-eddd-4ee1-a86f-8d3b3905964e ................................ ~ 1s
  2026-08-22 15:41:26 /api/captcha/request/5aff4a72-eddd-4ee1-a86f-8d3b3905964e ................................ ~ 1s
  2026-08-22 15:41:28 /api/captcha/request/5aff4a72-eddd-4ee1-a86f-8d3b3905964e ................................ ~ 1s
  2026-08-22 15:41:30 /api/captcha/request/5aff4a72-eddd-4ee1-a86f-8d3b3905964e ................................ ~ 1s
  The system cannot find the path specified.
  2026-08-22 15:41:32 /api/captcha/control/status .............................................................. ~ 1s
  2026-08-22 15:41:34 /api/captcha/request/5aff4a72-eddd-4ee1-a86f-8d3b3905964e ................................ ~ 1s
  2026-08-22 15:41:36 /api/captcha/request/5aff4a72-eddd-4ee1-a86f-8d3b3905964e ................................ ~ 1s
  2026-08-22 15:41:38 /api/captcha/request/5aff4a72-eddd-4ee1-a86f-8d3b3905964e ................................ ~ 1s
  2026-08-22 15:41:40 /api/captcha/request/5aff4a72-eddd-4ee1-a86f-8d3b3905964e ................................ ~ 1s
  2026-08-22 15:41:42 /api/captcha/request/5aff4a72-eddd-4ee1-a86f-8d3b3905964e ................................ ~ 2s
  2026-08-22 15:41:45 /api/captcha/request/5aff4a72-eddd-4ee1-a86f-8d3b3905964e ................................ ~ 1s
  The system cannot find the path specified.
  2026-08-22 15:41:47 /api/captcha/control/status .............................................................. ~ 1s
  2026-08-22 15:41:49 /api/captcha/request/5aff4a72-eddd-4ee1-a86f-8d3b3905964e ................................ ~ 1s
  2026-08-22 15:41:50 /api/captcha/request/5aff4a72-eddd-4ee1-a86f-8d3b3905964e ................................ ~ 1s
  2026-08-22 15:41:52 /api/captcha/request/5aff4a72-eddd-4ee1-a86f-8d3b3905964e ................................ ~ 1s
  2026-08-22 15:41:54 /api/captcha/request/5aff4a72-eddd-4ee1-a86f-8d3b3905964e ................................ ~ 1s
  2026-08-22 15:41:56 /api/captcha/request/5aff4a72-eddd-4ee1-a86f-8d3b3905964e ................................ ~ 1s
  2026-08-22 15:41:58 /api/captcha/request/5aff4a72-eddd-4ee1-a86f-8d3b3905964e ................................ ~ 1s
  2026-08-22 15:42:01 /api/captcha/request/5aff4a72-eddd-4ee1-a86f-8d3b3905964e ................................ ~ 1s
  The system cannot find the path specified.
  2026-08-22 15:42:02 /api/captcha/control/status .............................................................. ~ 1s
  The system cannot find the path specified.
  2026-08-22 15:42:04 /api/captcha/control/status .............................................................. ~ 2s
  2026-08-22 15:42:04 /api/captcha/pool-tokens ................................................................. ~ 3s
  2026-08-22 15:42:05 /api/captcha/request/5aff4a72-eddd-4ee1-a86f-8d3b3905964e ................................ ~ 3s
  The system cannot find the path specified.
  2026-08-22 15:42:07 /api/captcha/control/status .............................................................. ~ 3s
  2026-08-22 15:42:10 /api/captcha/request/5aff4a72-eddd-4ee1-a86f-8d3b3905964e ................................ ~ 1s
  2026-08-22 15:42:12 /api/captcha/request/5aff4a72-eddd-4ee1-a86f-8d3b3905964e ................................ ~ 1s
  2026-08-22 15:42:15 /api/captcha/request/5aff4a72-eddd-4ee1-a86f-8d3b3905964e ................................ ~ 1s
  2026-08-22 15:42:16 /api/captcha/request/5aff4a72-eddd-4ee1-a86f-8d3b3905964e ................................ ~ 1s
  The system cannot find the path specified.
  2026-08-22 15:42:18 /api/captcha/control/status .............................................................. ~ 1s
  2026-08-22 15:42:19 /api/captcha/request/5aff4a72-eddd-4ee1-a86f-8d3b3905964e ................................ ~ 1s
  2026-08-22 15:42:21 /api/captcha/request/5aff4a72-eddd-4ee1-a86f-8d3b3905964e ................................ ~ 1s
  2026-08-22 15:42:24 /api/captcha/request/5aff4a72-eddd-4ee1-a86f-8d3b3905964e ................................ ~ 1s
  2026-08-22 15:42:26 /api/captcha/request/5aff4a72-eddd-4ee1-a86f-8d3b3905964e ................................ ~ 1s
  2026-08-22 15:42:28 /api/captcha/request/5aff4a72-eddd-4ee1-a86f-8d3b3905964e ................................ ~ 2s
  2026-08-22 15:42:30 /api/captcha/request/5aff4a72-eddd-4ee1-a86f-8d3b3905964e ................................ ~ 1s
  The system cannot find the path specified.
  2026-08-22 15:42:32 /api/captcha/control/status .............................................................. ~ 1s
  2026-08-22 15:42:34 /api/captcha/request/5aff4a72-eddd-4ee1-a86f-8d3b3905964e ................................ ~ 1s
  2026-08-22 15:42:35 /api/captcha/request/5aff4a72-eddd-4ee1-a86f-8d3b3905964e ................................ ~ 1s
  2026-08-22 15:42:37 /api/captcha/request/5aff4a72-eddd-4ee1-a86f-8d3b3905964e ................................ ~ 2s
  2026-08-22 15:42:40 /api/captcha/request/5aff4a72-eddd-4ee1-a86f-8d3b3905964e ................................ ~ 1s
  2026-08-22 15:42:42 /api/captcha/request/5aff4a72-eddd-4ee1-a86f-8d3b3905964e ................................ ~ 1s
  2026-08-22 15:42:44 /api/captcha/request/5aff4a72-eddd-4ee1-a86f-8d3b3905964e ................................ ~ 1s
  The system cannot find the path specified.
  2026-08-22 15:42:47 /api/captcha/control/status .............................................................. ~ 2s
  2026-08-22 15:42:49 /api/captcha/request/5aff4a72-eddd-4ee1-a86f-8d3b3905964e ................................ ~ 1s
  2026-08-22 15:42:51 /api/captcha/request/5aff4a72-eddd-4ee1-a86f-8d3b3905964e ................................ ~ 1s
  2026-08-22 15:42:53 /api/captcha/request/5aff4a72-eddd-4ee1-a86f-8d3b3905964e ................................ ~ 1s
  2026-08-22 15:42:55 /api/captcha/request/5aff4a72-eddd-4ee1-a86f-8d3b3905964e ................................ ~ 1s
  2026-08-22 15:42:57 /api/captcha/request/5aff4a72-eddd-4ee1-a86f-8d3b3905964e ................................ ~ 1s
  2026-08-22 15:42:59 /api/captcha/request/5aff4a72-eddd-4ee1-a86f-8d3b3905964e ................................ ~ 1s
  2026-08-22 15:43:01 /api/captcha/request/5aff4a72-eddd-4ee1-a86f-8d3b3905964e ................................ ~ 1s
  The system cannot find the path specified.
  2026-08-22 15:43:03 /api/captcha/control/status .............................................................. ~ 1s
  The system cannot find the path specified.
  2026-08-22 15:43:05 /api/captcha/control/status .............................................................. ~ 1s
  2026-08-22 15:43:05 /api/captcha/pool-tokens ................................................................. ~ 3s
  2026-08-22 15:43:06 /api/captcha/request/5aff4a72-eddd-4ee1-a86f-8d3b3905964e ................................ ~ 3s
  The system cannot find the path specified.
  2026-08-22 15:43:08 /api/captcha/control/status .............................................................. ~ 3s
  2026-08-22 15:43:11 /api/captcha/request/5aff4a72-eddd-4ee1-a86f-8d3b3905964e ................................ ~ 1s
  2026-08-22 15:43:13 /api/captcha/request/5aff4a72-eddd-4ee1-a86f-8d3b3905964e ................................ ~ 1s
  2026-08-22 15:43:15 /api/captcha/request/5aff4a72-eddd-4ee1-a86f-8d3b3905964e ................................ ~ 1s
  The system cannot find the path specified.
  2026-08-22 15:43:17 /api/captcha/control/status .............................................................. ~ 1s
  2026-08-22 15:43:19 /api/captcha/request/5aff4a72-eddd-4ee1-a86f-8d3b3905964e ................................ ~ 1s
  2026-08-22 15:43:21 /api/captcha/request/5aff4a72-eddd-4ee1-a86f-8d3b3905964e ................................ ~ 1s
  2026-08-22 15:43:23 /api/captcha/request/5aff4a72-eddd-4ee1-a86f-8d3b3905964e ................................ ~ 1s
  2026-08-22 15:43:25 /api/captcha/request/5aff4a72-eddd-4ee1-a86f-8d3b3905964e ................................ ~ 1s
  2026-08-22 15:43:27 /api/captcha/request/5aff4a72-eddd-4ee1-a86f-8d3b3905964e ................................ ~ 1s
  2026-08-22 15:43:29 /api/captcha/request/5aff4a72-eddd-4ee1-a86f-8d3b3905964e ................................ ~ 1s
  2026-08-22 15:43:31 /api/captcha/request/5aff4a72-eddd-4ee1-a86f-8d3b3905964e ................................ ~ 1s
  The system cannot find the path specified.
  2026-08-22 15:43:33 /api/captcha/control/status .............................................................. ~ 2s
  2026-08-22 15:43:35 /api/captcha/request/5aff4a72-eddd-4ee1-a86f-8d3b3905964e ................................ ~ 1s
  2026-08-22 15:43:36 /api/captcha/request/5aff4a72-eddd-4ee1-a86f-8d3b3905964e ................................ ~ 1s
  2026-08-22 15:43:38 /api/captcha/request/5aff4a72-eddd-4ee1-a86f-8d3b3905964e ................................ ~ 1s
  2026-08-22 15:43:40 /api/captcha/request/5aff4a72-eddd-4ee1-a86f-8d3b3905964e ................................ ~ 1s
  2026-08-22 15:43:42 /api/captcha/request/5aff4a72-eddd-4ee1-a86f-8d3b3905964e ................................ ~ 1s
  2026-08-22 15:43:44 /api/captcha/request/5aff4a72-eddd-4ee1-a86f-8d3b3905964e ................................ ~ 1s
  The system cannot find the path specified.
  2026-08-22 15:43:47 /api/captcha/control/status .............................................................. ~ 2s
  2026-08-22 15:43:49 /api/captcha/request/5aff4a72-eddd-4ee1-a86f-8d3b3905964e ................................ ~ 2s
  2026-08-22 15:43:52 /api/captcha/request/5aff4a72-eddd-4ee1-a86f-8d3b3905964e ................................ ~ 2s
  2026-08-22 15:43:55 /api/captcha/request/5aff4a72-eddd-4ee1-a86f-8d3b3905964e ................................ ~ 1s
  2026-08-22 15:43:57 /api/captcha/request/5aff4a72-eddd-4ee1-a86f-8d3b3905964e ................................ ~ 1s
  2026-08-22 15:43:59 /api/captcha/request/5aff4a72-eddd-4ee1-a86f-8d3b3905964e ................................ ~ 1s
  2026-08-22 15:44:01 /api/captcha/request/5aff4a72-eddd-4ee1-a86f-8d3b3905964e ................................ ~ 2s
  The system cannot find the path specified.
  2026-08-22 15:44:03 /api/captcha/control/status .............................................................. ~ 1s
  The system cannot find the path specified.
  2026-08-22 15:44:05 /api/captcha/control/status .............................................................. ~ 2s
  2026-08-22 15:44:05 /api/captcha/pool-tokens ................................................................. ~ 3s
  2026-08-22 15:44:07 /api/captcha/request/5aff4a72-eddd-4ee1-a86f-8d3b3905964e ................................ ~ 3s
  The system cannot find the path specified.
  2026-08-22 15:44:09 /api/captcha/control/status .............................................................. ~ 3s
  2026-08-22 15:44:12 /api/captcha/request/5aff4a72-eddd-4ee1-a86f-8d3b3905964e ................................ ~ 1s
  2026-08-22 15:44:14 /api/captcha/request/5aff4a72-eddd-4ee1-a86f-8d3b3905964e ................................ ~ 1s
  2026-08-22 15:44:17 /api/captcha/request/5aff4a72-eddd-4ee1-a86f-8d3b3905964e ................................ ~ 1s
  The system cannot find the path specified.
  2026-08-22 15:44:18 /api/captcha/control/status .............................................................. ~ 1s
  2026-08-22 15:44:19 /api/captcha/request/5aff4a72-eddd-4ee1-a86f-8d3b3905964e ................................ ~ 1s
  2026-08-22 15:44:21 /api/captcha/request/5aff4a72-eddd-4ee1-a86f-8d3b3905964e ................................ ~ 1s
  2026-08-22 15:44:23 /api/captcha/request/5aff4a72-eddd-4ee1-a86f-8d3b3905964e ................................ ~ 1s
  2026-08-22 15:44:25 /api/captcha/request/5aff4a72-eddd-4ee1-a86f-8d3b3905964e ................................ ~ 1s
  2026-08-22 15:44:27 /api/captcha/request/5aff4a72-eddd-4ee1-a86f-8d3b3905964e ................................ ~ 1s
  2026-08-22 15:44:29 /api/captcha/request/5aff4a72-eddd-4ee1-a86f-8d3b3905964e ................................ ~ 1s
  2026-08-22 15:44:31 /api/captcha/request/5aff4a72-eddd-4ee1-a86f-8d3b3905964e ................................ ~ 1s
  The system cannot find the path specified.
  2026-08-22 15:44:33 /api/captcha/control/status .............................................................. ~ 1s
  2026-08-22 15:44:34 /api/captcha/request/5aff4a72-eddd-4ee1-a86f-8d3b3905964e ................................ ~ 1s
  2026-08-22 15:44:36 /api/captcha/request/5aff4a72-eddd-4ee1-a86f-8d3b3905964e ................................ ~ 1s
  2026-08-22 15:44:38 /api/captcha/request/5aff4a72-eddd-4ee1-a86f-8d3b3905964e ................................ ~ 1s
  2026-08-22 15:44:40 /api/captcha/request/5aff4a72-eddd-4ee1-a86f-8d3b3905964e ................................ ~ 1s
  2026-08-22 15:44:42 /api/captcha/request/5aff4a72-eddd-4ee1-a86f-8d3b3905964e ................................ ~ 1s
  2026-08-22 15:44:44 /api/captcha/request/5aff4a72-eddd-4ee1-a86f-8d3b3905964e ................................ ~ 1s
  2026-08-22 15:44:46 /api/captcha/request/5aff4a72-eddd-4ee1-a86f-8d3b3905964e ................................ ~ 1s
  The system cannot find the path specified.
  2026-08-22 15:44:48 /api/captcha/control/status .............................................................. ~ 1s
  2026-08-22 15:44:49 /api/captcha/request/5aff4a72-eddd-4ee1-a86f-8d3b3905964e ................................ ~ 1s
  2026-08-22 15:44:50 /api/captcha/request/5aff4a72-eddd-4ee1-a86f-8d3b3905964e ................................ ~ 1s
  2026-08-22 15:44:52 /api/captcha/request/5aff4a72-eddd-4ee1-a86f-8d3b3905964e ................................ ~ 1s
  2026-08-22 15:44:54 /api/captcha/request/5aff4a72-eddd-4ee1-a86f-8d3b3905964e .......................... ~ 515.66ms
  2026-08-22 15:44:56 /api/captcha/request/5aff4a72-eddd-4ee1-a86f-8d3b3905964e ................................ ~ 1s
  2026-08-22 15:44:58 /api/captcha/request/5aff4a72-eddd-4ee1-a86f-8d3b3905964e ................................ ~ 1s
  2026-08-22 15:45:00 /api/captcha/request/5aff4a72-eddd-4ee1-a86f-8d3b3905964e ................................ ~ 1s
  The system cannot find the path specified.
  2026-08-22 15:45:02 /api/captcha/control/status .............................................................. ~ 1s
  2026-08-22 15:45:04 /api/captcha/request/5aff4a72-eddd-4ee1-a86f-8d3b3905964e ................................ ~ 1s
  The system cannot find the path specified.
  2026-08-22 15:45:04 /api/captcha/control/status .............................................................. ~ 3s
  2026-08-22 15:45:05 /api/captcha/pool-tokens ................................................................. ~ 3s
  2026-08-22 15:45:08 /api/captcha/request/5aff4a72-eddd-4ee1-a86f-8d3b3905964e ................................ ~ 3s
  The system cannot find the path specified.
  2026-08-22 15:45:09 /api/captcha/control/status .............................................................. ~ 3s
  2026-08-22 15:45:12 /api/captcha/request/5aff4a72-eddd-4ee1-a86f-8d3b3905964e ................................ ~ 1s
  2026-08-22 15:45:14 /api/captcha/request/5aff4a72-eddd-4ee1-a86f-8d3b3905964e ................................ ~ 1s
  2026-08-22 15:45:16 /api/captcha/request/5aff4a72-eddd-4ee1-a86f-8d3b3905964e ................................ ~ 1s
  The system cannot find the path specified.
  2026-08-22 15:45:18 /api/captcha/control/status .............................................................. ~ 1s
  2026-08-22 15:45:19 /api/captcha/request/5aff4a72-eddd-4ee1-a86f-8d3b3905964e .......................... ~ 505.93ms
  2026-08-22 15:45:20 /api/captcha/request/5aff4a72-eddd-4ee1-a86f-8d3b3905964e ................................ ~ 1s
  2026-08-22 15:45:22 /api/captcha/request/5aff4a72-eddd-4ee1-a86f-8d3b3905964e ................................ ~ 1s
  2026-08-22 15:45:24 /api/captcha/request/5aff4a72-eddd-4ee1-a86f-8d3b3905964e ................................ ~ 1s
  2026-08-22 15:45:27 /api/captcha/request/5aff4a72-eddd-4ee1-a86f-8d3b3905964e ................................ ~ 1s
  2026-08-22 15:45:28 /api/captcha/request/5aff4a72-eddd-4ee1-a86f-8d3b3905964e ................................ ~ 1s
  2026-08-22 15:45:30 /api/captcha/request/5aff4a72-eddd-4ee1-a86f-8d3b3905964e ................................ ~ 1s
  The system cannot find the path specified.
  2026-08-22 15:45:32 /api/captcha/control/status .............................................................. ~ 1s
  2026-08-22 15:45:34 /api/captcha/request/5aff4a72-eddd-4ee1-a86f-8d3b3905964e .......................... ~ 998.88ms
  2026-08-22 15:45:35 /api/captcha/request/5aff4a72-eddd-4ee1-a86f-8d3b3905964e ................................ ~ 1s
  2026-08-22 15:45:37 /api/captcha/request/5aff4a72-eddd-4ee1-a86f-8d3b3905964e ................................ ~ 1s
  2026-08-22 15:45:39 /api/captcha/request/5aff4a72-eddd-4ee1-a86f-8d3b3905964e ................................ ~ 1s
  2026-08-22 15:45:41 /api/captcha/request/5aff4a72-eddd-4ee1-a86f-8d3b3905964e ................................ ~ 1s
  2026-08-22 15:45:43 /api/captcha/request/5aff4a72-eddd-4ee1-a86f-8d3b3905964e .......................... ~ 513.24ms
  2026-08-22 15:45:45 /api/captcha/request/5aff4a72-eddd-4ee1-a86f-8d3b3905964e .......................... ~ 510.56ms
  2026-08-22 15:45:47 /api/captcha/request/5aff4a72-eddd-4ee1-a86f-8d3b3905964e ................................ ~ 1s
  The system cannot find the path specified.
  2026-08-22 15:45:49 /api/captcha/control/status ........................................................ ~ 503.46ms
  2026-08-22 15:45:49 /api/captcha/request/5aff4a72-eddd-4ee1-a86f-8d3b3905964e ................................ ~ 1s
  2026-08-22 15:45:51 /api/captcha/request/5aff4a72-eddd-4ee1-a86f-8d3b3905964e ................................ ~ 1s
  2026-08-22 15:45:52 /api/captcha/request/5aff4a72-eddd-4ee1-a86f-8d3b3905964e ................................ ~ 1s
  2026-08-22 15:45:53 /api/captcha/request/5aff4a72-eddd-4ee1-a86f-8d3b3905964e ................................ ~ 1s
  2026-08-22 15:45:54 /api/captcha/request/5aff4a72-eddd-4ee1-a86f-8d3b3905964e ................................ ~ 1s
  2026-08-22 15:45:56 /api/captcha/request/5aff4a72-eddd-4ee1-a86f-8d3b3905964e ................................ ~ 1s
  2026-08-22 15:45:58 /api/captcha/request/5aff4a72-eddd-4ee1-a86f-8d3b3905964e ................................ ~ 1s
  2026-08-22 15:46:00 /api/captcha/request/5aff4a72-eddd-4ee1-a86f-8d3b3905964e ................................ ~ 1s
  The system cannot find the path specified.
  2026-08-22 15:46:02 /api/captcha/control/status .............................................................. ~ 1s
  2026-08-22 15:46:03 /api/captcha/request/5aff4a72-eddd-4ee1-a86f-8d3b3905964e .......................... ~ 504.16ms
  The system cannot find the path specified.
  2026-08-22 15:46:04 /api/captcha/control/status .............................................................. ~ 1s
  2026-08-22 15:46:04 /api/captcha/pool-tokens ................................................................. ~ 1s
  2026-08-22 15:46:05 /api/captcha/request/5aff4a72-eddd-4ee1-a86f-8d3b3905964e ................................ ~ 1s
  The system cannot find the path specified.
  2026-08-22 15:46:06 /api/captcha/control/status .............................................................. ~ 2s
  2026-08-22 15:46:08 /api/captcha/request/5aff4a72-eddd-4ee1-a86f-8d3b3905964e .......................... ~ 512.83ms
  2026-08-22 15:46:09 /api/captcha/request/5aff4a72-eddd-4ee1-a86f-8d3b3905964e .......................... ~ 510.43ms
  2026-08-22 15:46:11 /api/captcha/request/5aff4a72-eddd-4ee1-a86f-8d3b3905964e .......................... ~ 502.60ms
  2026-08-22 15:46:13 /api/captcha/request/5aff4a72-eddd-4ee1-a86f-8d3b3905964e .......................... ~ 507.21ms
  2026-08-22 15:46:15 /api/captcha/request/5aff4a72-eddd-4ee1-a86f-8d3b3905964e .......................... ~ 514.74ms
  The system cannot find the path specified.
  2026-08-22 15:46:17 /api/captcha/control/status .............................................................. ~ 1s
  2026-08-22 15:46:18 /api/captcha/request/5aff4a72-eddd-4ee1-a86f-8d3b3905964e .......................... ~ 510.79ms
  2026-08-22 15:46:19 /api/captcha/request/5aff4a72-eddd-4ee1-a86f-8d3b3905964e ................................ ~ 1s
  2026-08-22 15:46:20 /api/captcha/request/5aff4a72-eddd-4ee1-a86f-8d3b3905964e ................................ ~ 1s
  2026-08-22 15:46:22 /api/captcha/request/5aff4a72-eddd-4ee1-a86f-8d3b3905964e ................................ ~ 1s
  2026-08-22 15:46:23 /api/captcha/request/5aff4a72-eddd-4ee1-a86f-8d3b3905964e .......................... ~ 497.28ms
  2026-08-22 15:46:24 /api/captcha/request/5aff4a72-eddd-4ee1-a86f-8d3b3905964e .......................... ~ 516.27ms
  2026-08-22 15:46:25 /api/captcha/request/5aff4a72-eddd-4ee1-a86f-8d3b3905964e .......................... ~ 513.28ms
  2026-08-22 15:46:26 /api/captcha/request/5aff4a72-eddd-4ee1-a86f-8d3b3905964e .......................... ~ 501.28ms
  2026-08-22 15:46:27 /api/captcha/request/5aff4a72-eddd-4ee1-a86f-8d3b3905964e ................................ ~ 1s
  2026-08-22 15:46:29 /api/captcha/request/5aff4a72-eddd-4ee1-a86f-8d3b3905964e ................................ ~ 1s
  2026-08-22 15:46:31 /api/captcha/request/5aff4a72-eddd-4ee1-a86f-8d3b3905964e ................................ ~ 1s
  The system cannot find the path specified.
  2026-08-22 15:46:33 /api/captcha/control/status .............................................................. ~ 1s
  2026-08-22 15:46:33 /api/captcha/request/5aff4a72-eddd-4ee1-a86f-8d3b3905964e .......................... ~ 499.58ms
  2026-08-22 15:46:35 /api/captcha/request/5aff4a72-eddd-4ee1-a86f-8d3b3905964e ................................ ~ 1s
  2026-08-22 15:46:37 /api/captcha/request/5aff4a72-eddd-4ee1-a86f-8d3b3905964e .......................... ~ 502.79ms
  2026-08-22 15:46:39 /api/captcha/request/5aff4a72-eddd-4ee1-a86f-8d3b3905964e .......................... ~ 505.42ms
  2026-08-22 15:46:40 /api/captcha/request/5aff4a72-eddd-4ee1-a86f-8d3b3905964e .......................... ~ 509.10ms
  2026-08-22 15:46:41 /api/captcha/request/5aff4a72-eddd-4ee1-a86f-8d3b3905964e .......................... ~ 513.47ms
  2026-08-22 15:46:42 /api/captcha/request/5aff4a72-eddd-4ee1-a86f-8d3b3905964e .......................... ~ 503.43ms
  2026-08-22 15:46:44 /api/captcha/request/5aff4a72-eddd-4ee1-a86f-8d3b3905964e ................................ ~ 1s
  2026-08-22 15:46:46 /api/captcha/request/5aff4a72-eddd-4ee1-a86f-8d3b3905964e ................................ ~ 1s
  The system cannot find the path specified.
  2026-08-22 15:46:47 /api/captcha/control/status .............................................................. ~ 1s
  2026-08-22 15:46:49 /api/captcha/request/5aff4a72-eddd-4ee1-a86f-8d3b3905964e ................................ ~ 1s
  2026-08-22 15:46:50 /api/captcha/request/5aff4a72-eddd-4ee1-a86f-8d3b3905964e ................................ ~ 1s
  2026-08-22 15:46:52 /api/captcha/request/5aff4a72-eddd-4ee1-a86f-8d3b3905964e ................................ ~ 1s
  2026-08-22 15:46:54 /api/captcha/request/5aff4a72-eddd-4ee1-a86f-8d3b3905964e .......................... ~ 504.61ms
  2026-08-22 15:46:56 /api/captcha/request/5aff4a72-eddd-4ee1-a86f-8d3b3905964e ................................ ~ 1s
  2026-08-22 15:46:58 /api/captcha/request/5aff4a72-eddd-4ee1-a86f-8d3b3905964e .......................... ~ 500.49ms
  2026-08-22 15:47:00 /api/captcha/request/5aff4a72-eddd-4ee1-a86f-8d3b3905964e .......................... ~ 518.41ms
  2026-08-22 15:47:01 /api/captcha/request/5aff4a72-eddd-4ee1-a86f-8d3b3905964e ................................ ~ 1s
  The system cannot find the path specified.
  2026-08-22 15:47:03 /api/captcha/control/status .............................................................. ~ 1s
  The system cannot find the path specified.
  2026-08-22 15:47:04 /api/captcha/control/status .............................................................. ~ 1s
  2026-08-22 15:47:04 /api/captcha/pool-tokens ................................................................. ~ 2s
  2026-08-22 15:47:05 /api/captcha/request/5aff4a72-eddd-4ee1-a86f-8d3b3905964e ................................ ~ 2s
  The system cannot find the path specified.
  2026-08-22 15:47:06 /api/captcha/control/status .............................................................. ~ 2s
  2026-08-22 15:47:08 /api/captcha/request/5aff4a72-eddd-4ee1-a86f-8d3b3905964e ................................ ~ 1s
  2026-08-22 15:47:10 /api/captcha/request/5aff4a72-eddd-4ee1-a86f-8d3b3905964e ................................ ~ 1s
  2026-08-22 15:47:12 /api/captcha/request/5aff4a72-eddd-4ee1-a86f-8d3b3905964e ................................ ~ 1s
  2026-08-22 15:47:14 /api/captcha/request/5aff4a72-eddd-4ee1-a86f-8d3b3905964e ................................ ~ 1s
  2026-08-22 15:47:16 /api/captcha/request/5aff4a72-eddd-4ee1-a86f-8d3b3905964e ................................ ~ 1s
  The system cannot find the path specified.
  2026-08-22 15:47:18 /api/captcha/control/status .............................................................. ~ 1s
  2026-08-22 15:47:19 /api/captcha/request/5aff4a72-eddd-4ee1-a86f-8d3b3905964e ................................ ~ 1s
  2026-08-22 15:47:21 /api/captcha/request/5aff4a72-eddd-4ee1-a86f-8d3b3905964e ................................ ~ 1s
  2026-08-22 15:47:23 /api/captcha/request/5aff4a72-eddd-4ee1-a86f-8d3b3905964e .......................... ~ 504.57ms
  2026-08-22 15:47:25 /api/captcha/request/5aff4a72-eddd-4ee1-a86f-8d3b3905964e ................................ ~ 1s
  2026-08-22 15:47:27 /api/captcha/request/5aff4a72-eddd-4ee1-a86f-8d3b3905964e .......................... ~ 517.03ms
  2026-08-22 15:47:29 /api/captcha/request/5aff4a72-eddd-4ee1-a86f-8d3b3905964e ................................ ~ 1s
  The system cannot find the path specified.
  2026-08-22 15:47:32 /api/captcha/control/status .............................................................. ~ 1s
  The system cannot find the path specified.
  2026-08-22 15:47:47 /api/captcha/control/status .............................................................. ~ 1s
  The system cannot find the path specified.
  2026-08-22 15:48:02 /api/captcha/control/status .............................................................. ~ 1s
  The system cannot find the path specified.
  2026-08-22 15:48:17 /api/captcha/control/status .............................................................. ~ 1s
  The system cannot find the path specified.
  2026-08-22 15:48:32 /api/captcha/control/status .............................................................. ~ 1s
  The system cannot find the path specified.
  2026-08-22 15:48:47 /api/captcha/control/status .............................................................. ~ 1s
  The system cannot find the path specified.
  2026-08-22 15:49:02 /api/captcha/control/status .............................................................. ~ 1s
  The system cannot find the path specified.
  2026-08-22 15:49:17 /api/captcha/control/status .............................................................. ~ 1s
  The system cannot find the path specified.
  2026-08-22 15:49:32 /api/captcha/control/status .............................................................. ~ 1s
  The system cannot find the path specified.
  2026-08-22 15:50:03 /api/captcha/control/status .............................................................. ~ 1s
  2026-08-22 15:50:06 /login ................................................................................... ~ 3s
  The system cannot find the path specified.
  2026-08-22 15:50:56 /api/captcha/control/status .............................................................. ~ 1s
  The system cannot find the path specified.
  2026-08-22 15:51:02 /api/captcha/control/status .............................................................. ~ 1s
  The system cannot find the path specified.
  2026-08-22 15:51:17 /api/captcha/control/status .............................................................. ~ 1s
  2026-08-22 15:51:24 /api/captcha/request ..................................................................... ~ 2s
  2026-08-22 15:51:27 /api/captcha/request/2309637b-9263-4e34-83c7-8ee939e23c8b ................................ ~ 1s
  2026-08-22 15:51:29 /api/captcha/request/2309637b-9263-4e34-83c7-8ee939e23c8b ................................ ~ 2s
  2026-08-22 15:51:32 /api/captcha/request/2309637b-9263-4e34-83c7-8ee939e23c8b .......................... ~ 499.98ms
  The system cannot find the path specified.
  2026-08-22 15:51:33 /api/captcha/control/status .............................................................. ~ 1s
  2026-08-22 15:51:34 /api/captcha/request/2309637b-9263-4e34-83c7-8ee939e23c8b ................................ ~ 1s
  2026-08-22 15:51:36 /api/captcha/request/2309637b-9263-4e34-83c7-8ee939e23c8b ................................ ~ 1s
  2026-08-22 15:51:38 /api/captcha/request/2309637b-9263-4e34-83c7-8ee939e23c8b ................................ ~ 1s
  2026-08-22 15:51:41 /api/captcha/request/2309637b-9263-4e34-83c7-8ee939e23c8b ................................ ~ 1s
  2026-08-22 15:51:43 /api/captcha/request/2309637b-9263-4e34-83c7-8ee939e23c8b ................................ ~ 1s
  2026-08-22 15:51:45 /api/captcha/request/2309637b-9263-4e34-83c7-8ee939e23c8b ................................ ~ 1s
  The system cannot find the path specified.
  2026-08-22 15:51:47 /api/captcha/control/status .............................................................. ~ 1s
  2026-08-22 15:51:50 /api/captcha/request/2309637b-9263-4e34-83c7-8ee939e23c8b ................................ ~ 1s
  2026-08-22 15:51:51 /api/captcha/request/2309637b-9263-4e34-83c7-8ee939e23c8b ............................... ~ 35s
  The system cannot find the path specified.
  2026-08-22 15:52:24 /api/captcha/control/status ............................................................. ~ 23s
  2026-08-22 15:52:50 /api/captcha/request/2309637b-9263-4e34-83c7-8ee939e23c8b ................................ ~ 1s
  The system cannot find the path specified.
  2026-08-22 15:52:50 /api/captcha/control/status .............................................................. ~ 2s
  2026-08-22 15:52:51 /api/api-tester/send-otp ................................................................. ~ 3s
  127.0.0.1:55321 Invalid request (An existing connection was forcibly closed by the remote host)
  2026-08-22 15:52:52 .......................................................................................... ~ 2s
  2026-08-22 15:52:54 /login ................................................................................... ~ 3s
  The system cannot find the path specified.
  2026-08-22 15:52:54 /api/captcha/control/status .............................................................. ~ 5s
  2026-08-22 15:52:58 /api/captcha/request/2309637b-9263-4e34-83c7-8ee939e23c8b ................................ ~ 2s
  The system cannot find the path specified.
  2026-08-22 15:52:59 /api/captcha/control/status .............................................................. ~ 2s
  2026-08-22 15:53:01 /api/captcha/request/2309637b-9263-4e34-83c7-8ee939e23c8b ................................ ~ 1s
  The system cannot find the path specified.
  2026-08-22 15:53:02 /api/captcha/control/status ........................................................ ~ 997.88ms
  2026-08-22 15:53:04 /api/captcha/request/2309637b-9263-4e34-83c7-8ee939e23c8b ................................ ~ 1s
  2026-08-22 15:53:06 /api/captcha/request/2309637b-9263-4e34-83c7-8ee939e23c8b ................................ ~ 1s
  2026-08-22 15:53:08 /api/captcha/request/2309637b-9263-4e34-83c7-8ee939e23c8b ................................ ~ 2s
  2026-08-22 15:53:11 /api/captcha/request/2309637b-9263-4e34-83c7-8ee939e23c8b ................................ ~ 1s
  2026-08-22 15:53:14 /api/captcha/request/2309637b-9263-4e34-83c7-8ee939e23c8b ................................ ~ 2s
  2026-08-22 15:53:17 /api/captcha/request/2309637b-9263-4e34-83c7-8ee939e23c8b ................................ ~ 1s
  The system cannot find the path specified.
  2026-08-22 15:53:18 /api/captcha/control/status .............................................................. ~ 1s
  2026-08-22 15:53:19 /login ................................................................................... ~ 3s
  2026-08-22 15:53:19 /api/captcha/request/2309637b-9263-4e34-83c7-8ee939e23c8b ................................ ~ 4s
  2026-08-22 15:53:25 /api/captcha/request/2309637b-9263-4e34-83c7-8ee939e23c8b ................................ ~ 1s
  The system cannot find the path specified.
  2026-08-22 15:53:32 /api/captcha/control/status .............................................................. ~ 1s
  2026-08-22 15:53:40 /login ................................................................................... ~ 3s
  2026-08-22 15:53:44 /login ................................................................................... ~ 3s
  2026-08-22 15:53:47 /login ................................................................................... ~ 2s
  The system cannot find the path specified.
  2026-08-22 15:53:49 /api/captcha/control/status .............................................................. ~ 1s
  2026-08-22 15:53:51 /dashboard ............................................................................... ~ 3s
  The system cannot find the path specified.
  2026-08-22 15:54:02 /api/captcha/control/status .............................................................. ~ 1s
  2026-08-22 15:54:16 /login ................................................................................... ~ 3s
  2026-08-22 15:54:19 /login ................................................................................... ~ 1s
  2026-08-22 15:54:19 /dashboard ............................................................................... ~ 4s
  The system cannot find the path specified.
  2026-08-22 15:54:20 /api/captcha/control/status .............................................................. ~ 5s
  2026-08-22 15:54:24 /login ................................................................................... ~ 4s
  2026-08-22 15:54:26 /build/assets/app-DDbAgoTg.css ........................................................... ~ 2s
  2026-08-22 15:54:28 /build/assets/AppSidebarLayout-C66usCqP.css .......................................... ~ 4.53ms
  2026-08-22 15:54:28 /build/assets/Dashboard-BatkB8L5.js .................................................. ~ 7.26ms
  2026-08-22 15:54:28 /build/assets/app-B1Zb6IqD.js ....................................................... ~ 10.26ms
  2026-08-22 15:54:28 /build/assets/AppLayout.vue_vue_type_script_setup_true_lang-CDu5C6NJ.js ............. ~ 16.26ms
  2026-08-22 15:54:28 /build/assets/index-dTeW3-Go.js ..................................................... ~ 17.21ms
  2026-08-22 15:54:28 /build/assets/arrow-up-right-BUfxKWwc.js ............................................ ~ 14.36ms
  2026-08-22 15:54:28 /build/assets/AppSidebarLayout.vue_vue_type_script_setup_true_lang-CSLWTG4v.js ...... ~ 17.35ms
  2026-08-22 15:54:28 /build/assets/createLucideIcon-CoZlq9ov.js .......................................... ~ 14.82ms
  2026-08-22 15:54:28 /build/assets/mail-BcIk-dkq.js ...................................................... ~ 10.18ms
  2026-08-22 15:54:28 /build/assets/activity-DzEtYjJ4.js .................................................. ~ 12.61ms
  2026-08-22 15:54:28 /build/assets/circle-check-Bi9Xmlom.js .............................................. ~ 13.15ms
  2026-08-22 15:54:28 /build/assets/circle-x-BMMTN5aS.js .................................................. ~ 15.44ms
  2026-08-22 15:54:28 /build/assets/zap-ZpEuA8PK.js ....................................................... ~ 15.79ms
  2026-08-22 15:54:28 /build/assets/index-BxH8y1zF.js ..................................................... ~ 15.01ms
  2026-08-22 15:54:28 /build/assets/index-BfIqpL0c.js ..................................................... ~ 11.90ms
  2026-08-22 15:54:28 /build/assets/VisuallyHidden-LkW1TJIT.js ............................................. ~ 6.72ms
  2026-08-22 15:54:28 /build/assets/useForwardExpose-blqrO72D.js ........................................... ~ 6.01ms
  2026-08-22 15:54:28 /build/assets/useForwardPropsEmits-B1RYwbEt.js ....................................... ~ 5.15ms
  2026-08-22 15:54:28 /build/assets/_plugin-vue_export-helper-DlAUqK2U.js .................................. ~ 6.95ms
  2026-08-22 15:54:28 /build/assets/smartphone-CYbcZnlg.js ................................................. ~ 6.51ms
  2026-08-22 15:54:28 /build/assets/puzzle-BZP4zm61.js ..................................................... ~ 3.08ms
  2026-08-22 15:54:28 /build/assets/chevron-right-B6TqFNqg.js .............................................. ~ 3.32ms
  2026-08-22 15:54:28 /build/assets/loader-circle-DteeGzBU.js .............................................. ~ 5.98ms
  2026-08-22 15:54:28 /build/assets/AppSidebarLayout-C66usCqP.css .......................................... ~ 0.26ms
  2026-08-22 15:54:28 /api/captcha/request ..................................................................... ~ 1s
  2026-08-22 15:54:30 /api/captcha-providers ................................................................... ~ 1s
  The system cannot find the path specified.
  2026-08-22 15:54:30 /api/captcha/control/status .............................................................. ~ 3s
  2026-08-22 15:54:31 /api/bot/status .......................................................................... ~ 3s
  2026-08-22 15:54:30 /images/blitz-logo.webp .................................................................. ~ 4s
  The system cannot find the path specified.
  2026-08-22 15:54:33 /api/captcha/control/status .............................................................. ~ 3s
  The system cannot find the path specified.
  2026-08-22 15:54:44 /api/captcha/control/status .............................................................. ~ 1s
  The system cannot find the path specified.
  2026-08-22 15:54:47 /api/captcha/control/status .............................................................. ~ 1s
  The system cannot find the path specified.
  2026-08-22 15:54:59 /api/captcha/control/status .............................................................. ~ 1s
  The system cannot find the path specified.
  2026-08-22 15:55:02 /api/captcha/control/status .............................................................. ~ 1s
  The system cannot find the path specified.
  2026-08-22 15:55:14 /api/captcha/control/status .............................................................. ~ 1s
  The system cannot find the path specified.
  2026-08-22 15:55:17 /api/captcha/control/status .............................................................. ~ 1s
  The system cannot find the path specified.
  2026-08-22 15:55:29 /api/captcha/control/status .............................................................. ~ 1s
  The system cannot find the path specified.
  2026-08-22 15:55:32 /api/captcha/control/status .............................................................. ~ 1s
  The system cannot find the path specified.
  2026-08-22 15:55:44 /api/captcha/control/status .............................................................. ~ 1s
  The system cannot find the path specified.
  2026-08-22 15:55:47 /api/captcha/control/status .............................................................. ~ 1s
  The system cannot find the path specified.
  2026-08-22 15:55:59 /api/captcha/control/status .............................................................. ~ 1s
  The system cannot find the path specified.
  2026-08-22 15:56:02 /api/captcha/control/status .............................................................. ~ 1s
  The system cannot find the path specified.
  2026-08-22 15:56:14 /api/captcha/control/status .............................................................. ~ 1s
  The system cannot find the path specified.
  2026-08-22 15:56:17 /api/captcha/control/status .............................................................. ~ 1s
  The system cannot find the path specified.
  2026-08-22 15:56:29 /api/captcha/control/status .............................................................. ~ 1s
  The system cannot find the path specified.
  2026-08-22 15:56:32 /api/captcha/control/status .............................................................. ~ 1s
  The system cannot find the path specified.
  2026-08-22 15:56:44 /api/captcha/control/status .............................................................. ~ 1s
  The system cannot find the path specified.
  2026-08-22 15:56:47 /api/captcha/control/status .............................................................. ~ 1s
  The system cannot find the path specified.
  2026-08-22 15:56:59 /api/captcha/control/status .............................................................. ~ 1s
  The system cannot find the path specified.
  2026-08-22 15:57:02 /api/captcha/control/status .............................................................. ~ 1s
  The system cannot find the path specified.
  2026-08-22 15:57:14 /api/captcha/control/status .............................................................. ~ 1s
  The system cannot find the path specified.
  2026-08-22 15:57:17 /api/captcha/control/status .............................................................. ~ 1s
  2026-08-22 15:57:26 /api-tester .............................................................................. ~ 1s
  2026-08-22 15:57:28 /build/assets/Index-BX1N00sQ.js ...................................................... ~ 0.56ms
  2026-08-22 15:57:28 /build/assets/server-M8hYy70L.js .................................................... ~ 22.76ms
  2026-08-22 15:57:28 /build/assets/pencil-line-VgIGzLtq.js ............................................... ~ 29.12ms
  2026-08-22 15:57:28 /build/assets/chevron-up-DYFtpNjh.js ................................................ ~ 46.40ms
  2026-08-22 15:57:28 /build/assets/chevron-down-B_NaQErP.js .............................................. ~ 37.49ms
  2026-08-22 15:57:28 /build/assets/undo-2-Di3rMf38.js .................................................... ~ 44.98ms
  2026-08-22 15:57:28 /build/assets/save-BYyilgWr.js ...................................................... ~ 58.50ms
  2026-08-22 15:57:28 /build/assets/rotate-ccw-CPPDUzt1.js ................................................ ~ 45.21ms
  2026-08-22 15:57:28 /build/assets/file-text-BPRg-LR2.js ................................................. ~ 38.71ms
  2026-08-22 15:57:28 /build/assets/download-CvNz3NKc.js .................................................. ~ 41.99ms
  2026-08-22 15:57:28 /images/blitz-logo.webp .............................................................. ~ 0.32ms
  2026-08-22 15:57:28 /api/captcha-providers ................................................................... ~ 1s
  The system cannot find the path specified.
  2026-08-22 15:57:30 /api/captcha/control/status .............................................................. ~ 2s
  2026-08-22 15:57:30 /api/api-tester/context .................................................................. ~ 3s
  2026-08-22 15:57:31 /api/ivac-endpoints ...................................................................... ~ 2s
  The system cannot find the path specified.
  2026-08-22 15:57:33 /api/captcha/control/status .............................................................. ~ 2s
  2026-08-22 15:57:34 /api/api-tester/session/2 ................................................................ ~ 3s
  The system cannot find the path specified.
  2026-08-22 15:57:43 /api/captcha/control/status .............................................................. ~ 2s
  The system cannot find the path specified.
  2026-08-22 15:57:47 /api/captcha/control/status .............................................................. ~ 1s
  The system cannot find the path specified.
  2026-08-22 15:57:58 /api/captcha/control/status .............................................................. ~ 1s
  The system cannot find the path specified.
  2026-08-22 15:58:02 /api/captcha/control/status .............................................................. ~ 1s
  2026-08-22 15:58:05 /api/api-tester/session/2 ................................................................ ~ 1s
  2026-08-22 15:58:09 /api/captcha/request ..................................................................... ~ 2s
  2026-08-22 15:58:12 /api/captcha/request/704a07f7-a2ce-4cdc-8d72-41a636c7e883 ................................ ~ 1s
  The system cannot find the path specified.
  2026-08-22 15:58:13 /api/captcha/control/status .............................................................. ~ 1s
  2026-08-22 15:58:15 /api/api-tester/send-otp ................................................................. ~ 3s
  2026-08-22 15:58:15 /api/captcha/request/704a07f7-a2ce-4cdc-8d72-41a636c7e883 ................................ ~ 4s
  The system cannot find the path specified.
  2026-08-22 15:58:18 /api/captcha/control/status .............................................................. ~ 2s
  2026-08-22 15:58:21 /api/captcha/request/704a07f7-a2ce-4cdc-8d72-41a636c7e883 ................................ ~ 1s
  2026-08-22 15:58:23 /api/captcha/request/704a07f7-a2ce-4cdc-8d72-41a636c7e883 ................................ ~ 1s
  2026-08-22 15:58:25 /api/captcha/request/704a07f7-a2ce-4cdc-8d72-41a636c7e883 ................................ ~ 1s
  2026-08-22 15:58:28 /api/captcha/request/704a07f7-a2ce-4cdc-8d72-41a636c7e883 ................................ ~ 1s
  The system cannot find the path specified.
  2026-08-22 15:58:29 /api/captcha/control/status .............................................................. ~ 1s
  2026-08-22 15:58:31 /api/captcha/request/704a07f7-a2ce-4cdc-8d72-41a636c7e883 ................................ ~ 1s
  The system cannot find the path specified.
  2026-08-22 15:58:32 /api/captcha/control/status .............................................................. ~ 2s
  2026-08-22 15:58:34 /api/captcha/request/704a07f7-a2ce-4cdc-8d72-41a636c7e883 ................................ ~ 1s
  2026-08-22 15:58:34 /_boost/browser-logs ..................................................................... ~ 2s
  2026-08-22 15:58:37 /api/captcha/request/704a07f7-a2ce-4cdc-8d72-41a636c7e883 ................................ ~ 1s
  2026-08-22 15:58:39 /api/captcha/request/704a07f7-a2ce-4cdc-8d72-41a636c7e883 ................................ ~ 1s
  2026-08-22 15:58:42 /api/captcha/request/704a07f7-a2ce-4cdc-8d72-41a636c7e883 ................................ ~ 1s
  The system cannot find the path specified.
  2026-08-22 15:58:43 /api/captcha/control/status .............................................................. ~ 2s
  2026-08-22 15:58:45 /api/captcha/request/704a07f7-a2ce-4cdc-8d72-41a636c7e883 ................................ ~ 1s
  The system cannot find the path specified.
  2026-08-22 15:58:47 /api/captcha/control/status .............................................................. ~ 2s
  2026-08-22 15:58:49 /api/captcha/request/704a07f7-a2ce-4cdc-8d72-41a636c7e883 ................................ ~ 1s
  2026-08-22 15:58:49 /api/api-tester/send-otp ................................................................ ~ 23s
  2026-08-22 15:59:13 /api/captcha/request/704a07f7-a2ce-4cdc-8d72-41a636c7e883 ................................ ~ 1s
  The system cannot find the path specified.
  2026-08-22 15:59:13 /api/captcha/control/status .............................................................. ~ 3s
  The system cannot find the path specified.
  2026-08-22 15:59:14 /api/captcha/control/status .............................................................. ~ 3s
  2026-08-22 15:59:16 /api/captcha/request/704a07f7-a2ce-4cdc-8d72-41a636c7e883 ................................ ~ 2s
  The system cannot find the path specified.
  2026-08-22 15:59:18 /api/captcha/control/status .............................................................. ~ 2s
  The system cannot find the path specified.
  2026-08-22 15:59:19 /api/captcha/control/status .............................................................. ~ 3s
  2026-08-22 15:59:20 /api/captcha/request/704a07f7-a2ce-4cdc-8d72-41a636c7e883 ................................ ~ 3s
  2026-08-22 15:59:24 /api/captcha/request/704a07f7-a2ce-4cdc-8d72-41a636c7e883 ................................ ~ 1s
  2026-08-22 15:59:27 /api/captcha/request/704a07f7-a2ce-4cdc-8d72-41a636c7e883 ................................ ~ 1s
  The system cannot find the path specified.
  2026-08-22 15:59:28 /api/captcha/control/status .............................................................. ~ 1s
  2026-08-22 15:59:29 /api/captcha/request/704a07f7-a2ce-4cdc-8d72-41a636c7e883 ................................ ~ 1s
  2026-08-22 15:59:32 /api/captcha/request/704a07f7-a2ce-4cdc-8d72-41a636c7e883 ................................ ~ 1s
  The system cannot find the path specified.
  2026-08-22 15:59:33 /api/captcha/control/status .............................................................. ~ 1s
  2026-08-22 15:59:35 /api/captcha/request/704a07f7-a2ce-4cdc-8d72-41a636c7e883 ................................ ~ 1s
  2026-08-22 15:59:37 /api/captcha/request/704a07f7-a2ce-4cdc-8d72-41a636c7e883 ................................ ~ 1s
  2026-08-22 15:59:39 /api/captcha/request/704a07f7-a2ce-4cdc-8d72-41a636c7e883 ................................ ~ 1s
  2026-08-22 15:59:42 /api/captcha/request/704a07f7-a2ce-4cdc-8d72-41a636c7e883 ................................ ~ 1s
  The system cannot find the path specified.
  2026-08-22 15:59:43 /api/captcha/control/status .............................................................. ~ 1s
  2026-08-22 15:59:45 /api/captcha/request/704a07f7-a2ce-4cdc-8d72-41a636c7e883 ................................ ~ 1s
  2026-08-22 15:59:47 /api/captcha/request/704a07f7-a2ce-4cdc-8d72-41a636c7e883 ................................ ~ 1s
  The system cannot find the path specified.
  2026-08-22 15:59:48 /api/captcha/control/status .............................................................. ~ 1s
  2026-08-22 15:59:50 /api/captcha/request/704a07f7-a2ce-4cdc-8d72-41a636c7e883 ................................ ~ 1s
  2026-08-22 15:59:53 /api/captcha/request/704a07f7-a2ce-4cdc-8d72-41a636c7e883 ................................ ~ 1s
  2026-08-22 15:59:55 /api/captcha/request/704a07f7-a2ce-4cdc-8d72-41a636c7e883 ................................ ~ 1s
  2026-08-22 15:59:57 /api/captcha/request/704a07f7-a2ce-4cdc-8d72-41a636c7e883 ................................ ~ 1s
  The system cannot find the path specified.
  2026-08-22 15:59:59 /api/captcha/control/status .............................................................. ~ 1s
  2026-08-22 16:00:01 /api/captcha/request/704a07f7-a2ce-4cdc-8d72-41a636c7e883 ................................ ~ 1s
  The system cannot find the path specified.
  2026-08-22 16:00:02 /api/captcha/control/status .............................................................. ~ 1s
  2026-08-22 16:00:04 /api/captcha/request/704a07f7-a2ce-4cdc-8d72-41a636c7e883 ................................ ~ 1s
  2026-08-22 16:00:05 /ivac-endpoints .......................................................................... ~ 1s
  2026-08-22 16:00:07 /api/captcha/request/704a07f7-a2ce-4cdc-8d72-41a636c7e883 ................................ ~ 1s
  2026-08-22 16:00:08 /build/assets/Index-DtxZLcdl.js ...................................................... ~ 0.31ms
  2026-08-22 16:00:08 /build/assets/refresh-cw-B4I-tE4I.js ................................................. ~ 6.21ms
  2026-08-22 16:00:08 /build/assets/info-Cm_QQO__.js ...................................................... ~ 12.82ms
  2026-08-22 16:00:08 /build/assets/check-DJ944RwS.js ..................................................... ~ 21.99ms
  2026-08-22 16:00:08 /api/captcha-providers ................................................................... ~ 1s
  The system cannot find the path specified.
  2026-08-22 16:00:10 /api/captcha/control/status .............................................................. ~ 1s
  2026-08-22 16:00:10 /api/ivac-endpoints ...................................................................... ~ 2s
  2026-08-22 16:00:11 /api/captcha/request/704a07f7-a2ce-4cdc-8d72-41a636c7e883 ................................ ~ 2s
  The system cannot find the path specified.
  2026-08-22 16:00:17 /api/captcha/control/status .............................................................. ~ 1s
  The system cannot find the path specified.
  2026-08-22 16:00:23 /api/captcha/control/status .............................................................. ~ 1s
  The system cannot find the path specified.
  2026-08-22 16:00:32 /api/captcha/control/status .............................................................. ~ 1s
  The system cannot find the path specified.
  2026-08-22 16:00:38 /api/captcha/control/status .............................................................. ~ 1s
  The system cannot find the path specified.
  2026-08-22 16:00:47 /api/captcha/control/status .............................................................. ~ 1s
  The system cannot find the path specified.
  2026-08-22 16:00:53 /api/captcha/control/status .............................................................. ~ 1s
  The system cannot find the path specified.
  2026-08-22 16:01:02 /api/captcha/control/status .............................................................. ~ 1s
  The system cannot find the path specified.
  2026-08-22 16:01:08 /api/captcha/control/status .............................................................. ~ 2s
  The system cannot find the path specified.
  2026-08-22 16:01:17 /api/captcha/control/status .............................................................. ~ 3s
  The system cannot find the path specified.
  2026-08-22 16:01:32 /api/captcha/control/status .............................................................. ~ 2s
  The system cannot find the path specified.
  2026-08-22 16:01:47 /api/captcha/control/status .............................................................. ~ 1s
  The system cannot find the path specified.
  2026-08-22 16:02:02 /api/captcha/control/status .............................................................. ~ 1s
  2026-08-22 16:02:17 /captcha-control ......................................................................... ~ 3s
  The system cannot find the path specified.
  2026-08-22 16:02:21 /api/captcha/control/status .............................................................. ~ 1s
  2026-08-22 16:02:17 /build/assets/app-DDbAgoTg.css ........................................................... ~ 5s
  2026-08-22 16:02:22 /build/assets/AppSidebarLayout-C66usCqP.css ......................................... ~ 12.08ms
  2026-08-22 16:02:22 /build/assets/app-B1Zb6IqD.js ....................................................... ~ 16.73ms
  2026-08-22 16:02:22 /build/assets/Index-DvV6lbAM.js ...................................................... ~ 0.14ms
  2026-08-22 16:02:22 /build/assets/index-BTnYw6RG.js ...................................................... ~ 0.24ms
  2026-08-22 16:02:23 /build/assets/index-BxH8y1zF.js ...................................................... ~ 0.32ms
  2026-08-22 16:02:23 /build/assets/Checkbox.vue_vue_type_script_setup_true_lang-BrSRk1AB.js ............... ~ 0.10ms
  2026-08-22 16:02:23 /build/assets/Input.vue_vue_type_script_setup_true_lang-CIcm4hqe.js .................. ~ 0.11ms
  2026-08-22 16:02:23 /build/assets/Label.vue_vue_type_script_setup_true_lang-IhCc35Wo.js .................. ~ 1.70ms
  2026-08-22 16:02:23 /build/assets/TableCell.vue_vue_type_script_setup_true_lang-C10PdRKF.js .............. ~ 0.14ms
  2026-08-22 16:02:23 /build/assets/AppSidebarLayout.vue_vue_type_script_setup_true_lang-CSLWTG4v.js ....... ~ 0.19ms
  2026-08-22 16:02:23 /build/assets/mail-BcIk-dkq.js ....................................................... ~ 0.19ms
  2026-08-22 16:02:23 /build/assets/refresh-cw-B4I-tE4I.js ................................................. ~ 0.22ms
  2026-08-22 16:02:23 /build/assets/circle-stop-BhVz6Dbc.js ................................................ ~ 0.47ms
  2026-08-22 16:02:23 /build/assets/trash-2-Z_3x-2MY.js .................................................... ~ 0.28ms
  2026-08-22 16:02:23 /build/assets/check-DJ944RwS.js ...................................................... ~ 0.15ms
  2026-08-22 16:02:23 /build/assets/copy-BIRNYvOT.js ....................................................... ~ 0.17ms
  2026-08-22 16:02:23 /build/assets/terminal-C7UuWrda.js ................................................... ~ 7.34ms
  2026-08-22 16:02:23 /build/assets/createLucideIcon-CoZlq9ov.js ........................................... ~ 0.40ms
  2026-08-22 16:02:23 /build/assets/index-BfIqpL0c.js ...................................................... ~ 6.49ms
  2026-08-22 16:02:23 /build/assets/useForwardPropsEmits-B1RYwbEt.js ....................................... ~ 0.16ms
  2026-08-22 16:02:23 /build/assets/VisuallyHidden-LkW1TJIT.js ............................................. ~ 0.20ms
  2026-08-22 16:02:23 /build/assets/useForwardExpose-blqrO72D.js ........................................... ~ 0.14ms
  2026-08-22 16:02:23 /build/assets/index-dTeW3-Go.js ...................................................... ~ 0.14ms
  2026-08-22 16:02:23 /build/assets/_plugin-vue_export-helper-DlAUqK2U.js .................................. ~ 0.42ms
  2026-08-22 16:02:23 /build/assets/smartphone-CYbcZnlg.js ................................................. ~ 5.28ms
  2026-08-22 16:02:23 /build/assets/puzzle-BZP4zm61.js ..................................................... ~ 6.60ms
  2026-08-22 16:02:23 /build/assets/chevron-right-B6TqFNqg.js .............................................. ~ 0.19ms
  2026-08-22 16:02:23 /build/assets/loader-circle-DteeGzBU.js .............................................. ~ 4.90ms
  The system cannot find the path specified.
  2026-08-22 16:02:25 /api/captcha/control/status .............................................................. ~ 1s
  2026-08-22 16:02:27 /api/captcha/pool-tokens ................................................................. ~ 1s
  The system cannot find the path specified.
  2026-08-22 16:02:28 /api/captcha/control/status .............................................................. ~ 1s
  2026-08-22 16:02:28 /api/captcha/pool-tokens ................................................................. ~ 1s
  The system cannot find the path specified.
  2026-08-22 16:02:29 /api/captcha/control/status .............................................................. ~ 1s
  2026-08-22 16:02:29 /api/captcha/pool-tokens ................................................................. ~ 2s
  The system cannot find the path specified.
  2026-08-22 16:02:32 /api/captcha/control/status .............................................................. ~ 1s
  2026-08-22 16:02:32 /api/captcha/pool-tokens ................................................................. ~ 2s
  The system cannot find the path specified.
  2026-08-22 16:02:33 /api/captcha/control/status .............................................................. ~ 2s
  The system cannot find the path specified.
  2026-08-22 16:02:34 /api/captcha/control/status .............................................................. ~ 1s
  2026-08-22 16:02:35 /api/captcha/pool-tokens ................................................................. ~ 1s
  The system cannot find the path specified.
  2026-08-22 16:02:36 /api/captcha/control/status .............................................................. ~ 2s
  2026-08-22 16:02:37 /api/captcha/pool-tokens ................................................................. ~ 2s
  The system cannot find the path specified.
  2026-08-22 16:02:38 /api/captcha/control/status .............................................................. ~ 2s
  2026-08-22 16:02:39 /api/captcha/pool-tokens ................................................................. ~ 2s
  The system cannot find the path specified.
  2026-08-22 16:02:40 /api/captcha/control/status .............................................................. ~ 2s
  2026-08-22 16:02:41 /api/captcha/pool-tokens ................................................................. ~ 2s
  The system cannot find the path specified.
  2026-08-22 16:02:42 /api/captcha/control/status .............................................................. ~ 3s
  2026-08-22 16:02:44 /api/captcha/pool-tokens ................................................................. ~ 2s
  The system cannot find the path specified.
  2026-08-22 16:02:45 /api/captcha/control/status .............................................................. ~ 2s
  2026-08-22 16:02:46 /api/captcha/pool-tokens ................................................................. ~ 2s
  The system cannot find the path specified.
  2026-08-22 16:02:47 /api/captcha/control/status .............................................................. ~ 2s
  The system cannot find the path specified.
  2026-08-22 16:02:48 /api/captcha/control/status .............................................................. ~ 2s
  2026-08-22 16:02:50 /api/captcha/pool-tokens ................................................................. ~ 1s
  The system cannot find the path specified.
  2026-08-22 16:02:51 /api/captcha/control/status .............................................................. ~ 1s
  2026-08-22 16:02:52 /api/captcha/pool-tokens ................................................................. ~ 1s
  The system cannot find the path specified.
  2026-08-22 16:02:52 /api/captcha/control/status .............................................................. ~ 1s
  2026-08-22 16:02:53 /api/captcha/pool-tokens ................................................................. ~ 1s
  The system cannot find the path specified.
  2026-08-22 16:02:54 /api/captcha/control/status .............................................................. ~ 1s
  2026-08-22 16:02:54 /api/captcha/pool-tokens ................................................................. ~ 1s
  The system cannot find the path specified.
  2026-08-22 16:02:55 /api/captcha/control/status .............................................................. ~ 1s
  2026-08-22 16:02:56 /api/captcha/pool-tokens ................................................................. ~ 1s
  The system cannot find the path specified.
  2026-08-22 16:02:57 /api/captcha/control/status .............................................................. ~ 1s
  2026-08-22 16:02:57 /api/captcha/pool-tokens ................................................................. ~ 1s
  The system cannot find the path specified.
  2026-08-22 16:02:58 /api/captcha/control/status .............................................................. ~ 1s
  2026-08-22 16:02:58 /api/captcha/pool-tokens ................................................................. ~ 1s
  The system cannot find the path specified.
  2026-08-22 16:02:59 /api/captcha/control/status .............................................................. ~ 1s
  2026-08-22 16:03:00 /api/captcha/pool-tokens ................................................................. ~ 1s
  The system cannot find the path specified.
  2026-08-22 16:03:01 /api/captcha/control/status .............................................................. ~ 1s
  2026-08-22 16:03:01 /api/captcha/pool-tokens ................................................................. ~ 1s
  The system cannot find the path specified.
  2026-08-22 16:03:02 /api/captcha/control/status .............................................................. ~ 1s
  The system cannot find the path specified.
  2026-08-22 16:03:03 /api/captcha/control/status .............................................................. ~ 2s
  2026-08-22 16:03:04 /api/captcha/pool-tokens ................................................................. ~ 1s
  The system cannot find the path specified.
  2026-08-22 16:03:05 /api/captcha/control/status .............................................................. ~ 1s
  2026-08-22 16:03:06 /api/captcha/pool-tokens ................................................................. ~ 1s
  The system cannot find the path specified.
  2026-08-22 16:03:06 /api/captcha/control/status .............................................................. ~ 1s
  2026-08-22 16:03:08 /api/captcha/pool-tokens ................................................................. ~ 1s
  The system cannot find the path specified.
  2026-08-22 16:03:08 /api/captcha/control/status .............................................................. ~ 2s
  The system cannot find the path specified.
  2026-08-22 16:03:09 /api/captcha/control/status ........................................................ ~ 511.23ms
  2026-08-22 16:03:10 /api/captcha/pool-tokens ................................................................. ~ 1s
  The system cannot find the path specified.
  2026-08-22 16:03:10 /api/captcha/control/status .............................................................. ~ 1s
  2026-08-22 16:03:12 /api/captcha/pool-tokens ................................................................. ~ 1s
  The system cannot find the path specified.
  2026-08-22 16:03:12 /api/captcha/control/status .............................................................. ~ 2s
  The system cannot find the path specified.
  2026-08-22 16:03:13 /api/captcha/control/status ........................................................ ~ 511.15ms
  2026-08-22 16:03:14 /api/captcha/pool-tokens ................................................................. ~ 1s
  The system cannot find the path specified.
  2026-08-22 16:03:14 /api/captcha/control/status .............................................................. ~ 2s
  2026-08-22 16:03:16 /api/captcha/pool-tokens ........................................................... ~ 501.83ms
  The system cannot find the path specified.
  2026-08-22 16:03:16 /api/captcha/control/status .............................................................. ~ 2s
  The system cannot find the path specified.
  2026-08-22 16:03:18 /api/captcha/control/status .............................................................. ~ 1s
  2026-08-22 16:03:18 /api/captcha/pool-tokens ................................................................. ~ 1s
  The system cannot find the path specified.
  2026-08-22 16:03:19 /api/captcha/control/status .............................................................. ~ 1s
  2026-08-22 16:03:20 /api/captcha/pool-tokens ................................................................. ~ 2s
  The system cannot find the path specified.
  2026-08-22 16:03:21 /api/captcha/control/status .............................................................. ~ 2s
  2026-08-22 16:03:23 /api/captcha/pool-tokens ................................................................. ~ 1s
  The system cannot find the path specified.
  2026-08-22 16:03:23 /api/captcha/control/status .............................................................. ~ 2s
  2026-08-22 16:03:24 /api/captcha/pool-tokens ................................................................. ~ 2s
  The system cannot find the path specified.
  2026-08-22 16:03:25 /api/captcha/control/status .............................................................. ~ 2s
  2026-08-22 16:03:26 /api/captcha/pool-tokens ................................................................. ~ 2s
  The system cannot find the path specified.
  2026-08-22 16:03:27 /api/captcha/control/status .............................................................. ~ 2s
  2026-08-22 16:03:28 /api/captcha/pool-tokens ................................................................. ~ 1s
  The system cannot find the path specified.
  2026-08-22 16:03:29 /api/captcha/control/status .............................................................. ~ 1s
  2026-08-22 16:03:31 /api/captcha/pool-tokens ................................................................. ~ 1s
  The system cannot find the path specified.
  2026-08-22 16:03:31 /api/captcha/control/status .............................................................. ~ 2s
  2026-08-22 16:03:32 /api/captcha/pool-tokens ................................................................. ~ 2s
  The system cannot find the path specified.
  2026-08-22 16:03:33 /api/captcha/control/status .............................................................. ~ 2s
  The system cannot find the path specified.
  2026-08-22 16:03:34 /api/captcha/control/status .............................................................. ~ 2s
  2026-08-22 16:03:35 /api/captcha/pool-tokens ................................................................. ~ 1s
  The system cannot find the path specified.
  2026-08-22 16:03:36 /api/captcha/control/status .............................................................. ~ 1s
  2026-08-22 16:03:37 /api/captcha/pool-tokens ................................................................. ~ 2s
  The system cannot find the path specified.
  2026-08-22 16:03:39 /api/captcha/control/status .............................................................. ~ 1s
  2026-08-22 16:03:40 /api/captcha/pool-tokens ........................................................... ~ 513.22ms
  The system cannot find the path specified.
  2026-08-22 16:03:40 /api/captcha/control/status .............................................................. ~ 1s
  2026-08-22 16:03:41 /api/captcha/pool-tokens ................................................................. ~ 2s
  The system cannot find the path specified.
  2026-08-22 16:03:43 /api/captcha/control/status .............................................................. ~ 1s
  2026-08-22 16:03:43 /api/captcha/pool-tokens ................................................................. ~ 1s
  The system cannot find the path specified.
  2026-08-22 16:03:44 /api/captcha/control/status .............................................................. ~ 1s
  2026-08-22 16:03:44 /api/captcha/pool-tokens ................................................................. ~ 2s
  The system cannot find the path specified.
  2026-08-22 16:03:45 /api/captcha/control/status .............................................................. ~ 2s
  2026-08-22 16:03:46 /api/captcha/pool-tokens ................................................................. ~ 1s
  The system cannot find the path specified.
  2026-08-22 16:03:47 /api/captcha/control/status .............................................................. ~ 2s
  The system cannot find the path specified.
  2026-08-22 16:03:48 /api/captcha/control/status .............................................................. ~ 2s
  2026-08-22 16:03:49 /api/captcha/pool-tokens ................................................................. ~ 1s
  The system cannot find the path specified.
  2026-08-22 16:03:50 /api/captcha/control/status .............................................................. ~ 1s
  2026-08-22 16:03:51 /api/captcha/pool-tokens ................................................................. ~ 2s
  The system cannot find the path specified.
  2026-08-22 16:03:52 /api/captcha/control/status .............................................................. ~ 2s
  2026-08-22 16:03:53 /api/captcha/pool-tokens ................................................................. ~ 2s
  The system cannot find the path specified.
  2026-08-22 16:03:54 /api/captcha/control/status .............................................................. ~ 2s
  2026-08-22 16:03:55 /api/captcha/pool-tokens ................................................................. ~ 1s
  The system cannot find the path specified.
  2026-08-22 16:03:56 /api/captcha/control/status .............................................................. ~ 1s
  2026-08-22 16:03:57 /api/captcha/pool-tokens ................................................................. ~ 1s
  The system cannot find the path specified.
  2026-08-22 16:03:58 /api/captcha/control/status .............................................................. ~ 2s
  2026-08-22 16:03:58 /api/captcha/pool-tokens ................................................................. ~ 2s
  The system cannot find the path specified.
  2026-08-22 16:03:59 /api/captcha/control/status .............................................................. ~ 2s
  The system cannot find the path specified.
  2026-08-22 16:04:02 /api/captcha/control/status .............................................................. ~ 1s
  2026-08-22 16:04:03 /api/captcha/pool-tokens ........................................................... ~ 508.97ms
  The system cannot find the path specified.
  2026-08-22 16:04:03 /api/captcha/control/status .............................................................. ~ 1s
  The system cannot find the path specified.
  2026-08-22 16:04:03 /api/captcha/control/status .............................................................. ~ 2s
  2026-08-22 16:04:04 /api/captcha/pool-tokens ................................................................. ~ 1s
  The system cannot find the path specified.
  2026-08-22 16:04:05 /api/captcha/control/status .............................................................. ~ 1s
  2026-08-22 16:04:06 /api/captcha/pool-tokens ................................................................. ~ 1s
  The system cannot find the path specified.
  2026-08-22 16:04:07 /api/captcha/control/status .............................................................. ~ 1s
  2026-08-22 16:04:08 /api/captcha/pool-tokens ................................................................. ~ 2s
  The system cannot find the path specified.
  2026-08-22 16:04:08 /api/captcha/control/status .............................................................. ~ 1s
  2026-08-22 16:04:09 /api/captcha/pool-tokens ................................................................. ~ 1s
  The system cannot find the path specified.
  2026-08-22 16:04:10 /api/captcha/control/status .............................................................. ~ 1s
  2026-08-22 16:04:11 /api/captcha/pool-tokens ................................................................. ~ 1s
  The system cannot find the path specified.
  2026-08-22 16:04:11 /api/captcha/control/status .............................................................. ~ 1s
  2026-08-22 16:04:12 /api/captcha/pool-tokens ................................................................. ~ 1s
  The system cannot find the path specified.
  2026-08-22 16:04:13 /api/captcha/control/status .............................................................. ~ 1s
  2026-08-22 16:04:14 /api/captcha/pool-tokens ................................................................. ~ 2s
  The system cannot find the path specified.
  2026-08-22 16:04:14 /api/captcha/control/status .............................................................. ~ 2s
  2026-08-22 16:04:16 /api/captcha/pool-tokens ........................................................... ~ 506.58ms
  The system cannot find the path specified.
  2026-08-22 16:04:16 /api/captcha/control/status .............................................................. ~ 1s
  2026-08-22 16:04:18 /api/captcha/pool-tokens ........................................................... ~ 508.31ms
  The system cannot find the path specified.
  2026-08-22 16:04:18 /api/captcha/control/status .............................................................. ~ 1s
  The system cannot find the path specified.
  2026-08-22 16:04:19 /api/captcha/control/status .............................................................. ~ 1s
  2026-08-22 16:04:20 /api/captcha/pool-tokens ........................................................... ~ 502.21ms
  The system cannot find the path specified.
  2026-08-22 16:04:20 /api/captcha/control/status .............................................................. ~ 1s
  2026-08-22 16:04:22 /api/captcha/pool-tokens ........................................................... ~ 493.39ms
  The system cannot find the path specified.
  2026-08-22 16:04:22 /api/captcha/control/status .............................................................. ~ 1s
  The system cannot find the path specified.
  2026-08-22 16:04:23 /api/captcha/control/status ........................................................ ~ 506.03ms
  2026-08-22 16:04:24 /api/captcha/pool-tokens ................................................................. ~ 1s
  The system cannot find the path specified.
  2026-08-22 16:04:24 /api/captcha/control/status .............................................................. ~ 1s
  The system cannot find the path specified.
  2026-08-22 16:04:25 /api/captcha/control/status .............................................................. ~ 1s
  2026-08-22 16:04:26 /api/captcha/pool-tokens ........................................................... ~ 507.43ms
  The system cannot find the path specified.
  2026-08-22 16:04:26 /api/captcha/control/status .............................................................. ~ 1s
  2026-08-22 16:04:28 /api/captcha/pool-tokens ........................................................... ~ 994.99ms
  The system cannot find the path specified.
  2026-08-22 16:04:28 /api/captcha/control/status .............................................................. ~ 1s
  2026-08-22 16:04:30 /api/captcha/pool-tokens ................................................................. ~ 1s
  The system cannot find the path specified.
  2026-08-22 16:04:30 /api/captcha/control/status .............................................................. ~ 1s
  The system cannot find the path specified.
  2026-08-22 16:04:31 /api/captcha/control/status .............................................................. ~ 1s
  2026-08-22 16:04:32 /api/captcha/pool-tokens ........................................................... ~ 496.45ms
  The system cannot find the path specified.
  2026-08-22 16:04:32 /api/captcha/control/status .............................................................. ~ 1s
  The system cannot find the path specified.
  2026-08-22 16:04:33 /api/captcha/control/status ........................................................ ~ 500.95ms
  The system cannot find the path specified.
  2026-08-22 16:04:33 /api/captcha/control/status .............................................................. ~ 1s
  2026-08-22 16:04:34 /api/captcha/pool-tokens ................................................................. ~ 1s
  The system cannot find the path specified.
  2026-08-22 16:04:35 /api/captcha/control/status .............................................................. ~ 1s
  2026-08-22 16:04:36 /api/captcha/pool-tokens ................................................................. ~ 1s
  The system cannot find the path specified.
  2026-08-22 16:04:36 /api/captcha/control/status .............................................................. ~ 1s
  2026-08-22 16:04:38 /api/captcha/pool-tokens ........................................................... ~ 505.22ms
  The system cannot find the path specified.
  2026-08-22 16:04:38 /api/captcha/control/status .............................................................. ~ 1s
  The system cannot find the path specified.
  2026-08-22 16:04:39 /api/captcha/control/status ........................................................ ~ 504.90ms
  2026-08-22 16:04:40 /api/captcha/pool-tokens ................................................................. ~ 1s
  The system cannot find the path specified.
  2026-08-22 16:04:40 /api/captcha/control/status .............................................................. ~ 1s
  2026-08-22 16:04:42 /api/captcha/pool-tokens ................................................................. ~ 1s
  The system cannot find the path specified.
  2026-08-22 16:04:42 /api/captcha/control/status .............................................................. ~ 1s
  The system cannot find the path specified.
  2026-08-22 16:04:43 /api/captcha/control/status ........................................................ ~ 510.43ms
  2026-08-22 16:04:44 /api/captcha/pool-tokens ................................................................. ~ 1s
  The system cannot find the path specified.
  2026-08-22 16:04:45 /api/captcha/control/status .............................................................. ~ 1s
  2026-08-22 16:04:46 /api/captcha/pool-tokens ........................................................... ~ 515.38ms
  The system cannot find the path specified.
  2026-08-22 16:04:47 /api/captcha/control/status .............................................................. ~ 1s
  The system cannot find the path specified.
  2026-08-22 16:04:48 /api/captcha/control/status ........................................................ ~ 514.95ms
  2026-08-22 16:04:48 /api/captcha/pool-tokens ................................................................. ~ 1s
  The system cannot find the path specified.
  2026-08-22 16:04:50 /api/captcha/control/status .............................................................. ~ 1s
  2026-08-22 16:04:50 /api/captcha/pool-tokens ................................................................. ~ 1s
  The system cannot find the path specified.
  2026-08-22 16:04:51 /api/captcha/control/status .............................................................. ~ 1s
  2026-08-22 16:04:52 /api/captcha/pool-tokens ........................................................... ~ 505.38ms
  The system cannot find the path specified.
  2026-08-22 16:04:53 /api/captcha/control/status .............................................................. ~ 1s
  2026-08-22 16:04:54 /api/captcha/pool-tokens ........................................................... ~ 512.21ms
  The system cannot find the path specified.
  2026-08-22 16:04:54 /api/captcha/control/status .............................................................. ~ 1s
  2026-08-22 16:04:56 /api/captcha/pool-tokens ................................................................. ~ 1s
  The system cannot find the path specified.
  2026-08-22 16:04:56 /api/captcha/control/status .............................................................. ~ 2s
  The system cannot find the path specified.
  2026-08-22 16:04:57 /api/captcha/control/status .............................................................. ~ 1s
  2026-08-22 16:04:58 /api/captcha/pool-tokens ........................................................... ~ 510.43ms
  The system cannot find the path specified.
  2026-08-22 16:04:59 /api/captcha/control/status .............................................................. ~ 1s
  2026-08-22 16:05:00 /api/captcha/pool-tokens ........................................................... ~ 514.54ms
  The system cannot find the path specified.
  2026-08-22 16:05:01 /api/captcha/control/status ........................................................ ~ 513.28ms
  2026-08-22 16:05:02 /api/captcha/pool-tokens ................................................................. ~ 1s
  The system cannot find the path specified.
  2026-08-22 16:05:03 /api/captcha/control/status ........................................................ ~ 499.22ms
  The system cannot find the path specified.
  2026-08-22 16:05:04 /api/captcha/control/status .............................................................. ~ 1s
  2026-08-22 16:05:04 /api/captcha/pool-tokens ................................................................. ~ 1s
  The system cannot find the path specified.
  2026-08-22 16:05:05 /api/captcha/control/status ........................................................ ~ 515.83ms
  2026-08-22 16:05:06 /api/captcha/pool-tokens ................................................................. ~ 1s
  The system cannot find the path specified.
  2026-08-22 16:05:07 /api/captcha/control/status ........................................................ ~ 501.74ms
  2026-08-22 16:05:08 /api/captcha/pool-tokens ................................................................. ~ 1s
  The system cannot find the path specified.
  2026-08-22 16:05:09 /api/captcha/control/status ........................................................ ~ 507.42ms
  2026-08-22 16:05:10 /api/captcha/pool-tokens ........................................................... ~ 503.65ms
  The system cannot find the path specified.
  2026-08-22 16:05:10 /api/captcha/control/status .............................................................. ~ 1s
  The system cannot find the path specified.
  2026-08-22 16:05:11 /api/captcha/control/status .............................................................. ~ 1s
  2026-08-22 16:05:12 /api/captcha/pool-tokens ........................................................... ~ 511.78ms
  The system cannot find the path specified.
  2026-08-22 16:05:13 /api/captcha/control/status .............................................................. ~ 1s
  2026-08-22 16:05:13 /api/captcha/pool-tokens ................................................................. ~ 1s
  The system cannot find the path specified.
  2026-08-22 16:05:15 /api/captcha/control/status .............................................................. ~ 1s
  2026-08-22 16:05:16 /api/captcha/pool-tokens ........................................................... ~ 514.19ms
  The system cannot find the path specified.
  2026-08-22 16:05:17 /api/captcha/control/status ........................................................ ~ 502.68ms
  The system cannot find the path specified.
  2026-08-22 16:05:18 /api/captcha/control/status .............................................................. ~ 1s
  2026-08-22 16:05:18 /api/captcha/pool-tokens ................................................................. ~ 1s
  The system cannot find the path specified.
  2026-08-22 16:05:20 /api/captcha/control/status .............................................................. ~ 1s
  2026-08-22 16:05:20 /api/captcha/pool-tokens ................................................................. ~ 1s
  The system cannot find the path specified.
  2026-08-22 16:05:21 /api/captcha/control/status .............................................................. ~ 1s
  2026-08-22 16:05:22 /api/captcha/pool-tokens ........................................................... ~ 499.69ms
  The system cannot find the path specified.
  2026-08-22 16:05:23 /api/captcha/control/status ........................................................ ~ 503.47ms
  2026-08-22 16:05:24 /api/captcha/pool-tokens ................................................................. ~ 1s
  The system cannot find the path specified.
  2026-08-22 16:05:24 /api/captcha/control/status .............................................................. ~ 1s
  The system cannot find the path specified.
  2026-08-22 16:05:25 /api/captcha/control/status ........................................................ ~ 510.70ms
  2026-08-22 16:05:26 /api/captcha/pool-tokens ........................................................... ~ 514.17ms
  The system cannot find the path specified.
  2026-08-22 16:05:27 /api/captcha/control/status ........................................................ ~ 507.48ms
  2026-08-22 16:05:28 /api/captcha/pool-tokens ................................................................. ~ 1s
  The system cannot find the path specified.
  2026-08-22 16:05:29 /api/captcha/control/status ........................................................ ~ 514.42ms
  2026-08-22 16:05:30 /api/captcha/pool-tokens ........................................................... ~ 510.42ms
  The system cannot find the path specified.
  2026-08-22 16:05:31 /api/captcha/control/status .............................................................. ~ 1s
  2026-08-22 16:05:33 /api/captcha/pool-tokens ................................................................. ~ 1s
  The system cannot find the path specified.
  2026-08-22 16:05:33 /api/captcha/control/status .............................................................. ~ 1s
  The system cannot find the path specified.
  2026-08-22 16:05:34 /api/captcha/control/status .............................................................. ~ 1s
  2026-08-22 16:05:35 /api/captcha/pool-tokens ................................................................. ~ 1s
  The system cannot find the path specified.
  2026-08-22 16:05:36 /api/captcha/control/status .............................................................. ~ 1s
  2026-08-22 16:05:36 /api/captcha/pool-tokens ................................................................. ~ 2s
  The system cannot find the path specified.
  2026-08-22 16:05:38 /api/captcha/control/status ........................................................ ~ 511.82ms
  2026-08-22 16:05:38 /api/captcha/pool-tokens ................................................................. ~ 1s
  The system cannot find the path specified.
  2026-08-22 16:05:38 /api/captcha/control/status .............................................................. ~ 2s
  2026-08-22 16:05:40 /api/captcha/pool-tokens ................................................................. ~ 1s
  The system cannot find the path specified.
  2026-08-22 16:05:40 /api/captcha/control/status .............................................................. ~ 2s
  2026-08-22 16:05:42 /api/captcha/pool-tokens ........................................................... ~ 513.23ms
  The system cannot find the path specified.
  2026-08-22 16:05:42 /api/captcha/control/status .............................................................. ~ 1s
  2026-08-22 16:05:44 /api/captcha/pool-tokens ................................................................. ~ 1s
  The system cannot find the path specified.
  2026-08-22 16:05:44 /api/captcha/control/status .............................................................. ~ 2s
  2026-08-22 16:05:46 /api/captcha/pool-tokens ........................................................... ~ 512.61ms
  The system cannot find the path specified.
  2026-08-22 16:05:46 /api/captcha/control/status .............................................................. ~ 1s
  The system cannot find the path specified.
  2026-08-22 16:05:47 /api/captcha/control/status .............................................................. ~ 1s
  The system cannot find the path specified.
  2026-08-22 16:05:48 /api/captcha/control/status ........................................................ ~ 515.47ms
  2026-08-22 16:05:48 /api/captcha/pool-tokens ................................................................. ~ 1s
  The system cannot find the path specified.
  2026-08-22 16:05:50 /api/captcha/control/status ........................................................ ~ 510.50ms
  2026-08-22 16:05:50 /api/captcha/pool-tokens ................................................................. ~ 1s
  The system cannot find the path specified.
  2026-08-22 16:05:52 /api/captcha/control/status .............................................................. ~ 1s
  2026-08-22 16:05:52 /api/captcha/pool-tokens ................................................................. ~ 2s
  The system cannot find the path specified.
  2026-08-22 16:05:54 /api/captcha/control/status ........................................................ ~ 506.38ms
  2026-08-22 16:05:54 /api/captcha/pool-tokens ................................................................. ~ 1s
  The system cannot find the path specified.
  2026-08-22 16:05:55 /api/captcha/control/status .............................................................. ~ 2s
  2026-08-22 16:05:56 /api/captcha/pool-tokens ........................................................... ~ 503.49ms
  The system cannot find the path specified.
  2026-08-22 16:05:56 /api/captcha/control/status .............................................................. ~ 1s
  2026-08-22 16:05:58 /api/captcha/pool-tokens ........................................................... ~ 497.06ms
  The system cannot find the path specified.
  2026-08-22 16:05:58 /api/captcha/control/status .............................................................. ~ 1s
  The system cannot find the path specified.
  2026-08-22 16:05:59 /api/captcha/control/status .............................................................. ~ 1s
  2026-08-22 16:05:59 /api/captcha/pool-tokens ................................................................. ~ 2s
  The system cannot find the path specified.
  2026-08-22 16:06:02 /api/captcha/control/status .............................................................. ~ 1s
  2026-08-22 16:06:03 /api/captcha/pool-tokens ........................................................... ~ 513.24ms
  The system cannot find the path specified.
  2026-08-22 16:06:03 /api/captcha/control/status .............................................................. ~ 1s
  The system cannot find the path specified.
  2026-08-22 16:06:04 /api/captcha/control/status .............................................................. ~ 1s
  2026-08-22 16:06:04 /api/captcha/pool-tokens ................................................................. ~ 1s
  The system cannot find the path specified.
  2026-08-22 16:06:06 /api/captcha/control/status ........................................................ ~ 513.65ms
  2026-08-22 16:06:06 /api/captcha/pool-tokens ................................................................. ~ 1s
  The system cannot find the path specified.
  2026-08-22 16:06:07 /api/captcha/control/status ........................................................ ~ 506.13ms
  2026-08-22 16:06:08 /api/captcha/pool-tokens ........................................................... ~ 512.45ms
  The system cannot find the path specified.
  2026-08-22 16:06:09 /api/captcha/control/status .............................................................. ~ 1s
  2026-08-22 16:06:10 /api/captcha/pool-tokens ................................................................. ~ 1s
  The system cannot find the path specified.
  2026-08-22 16:06:10 /api/captcha/control/status .............................................................. ~ 1s
  The system cannot find the path specified.
  2026-08-22 16:06:11 /api/captcha/control/status ........................................................ ~ 500.52ms
  2026-08-22 16:06:11 /api/captcha/pool-tokens ................................................................. ~ 1s
  The system cannot find the path specified.
  2026-08-22 16:06:14 /api/captcha/control/status .............................................................. ~ 1s
  2026-08-22 16:06:15 /api/captcha/pool-tokens ........................................................... ~ 505.68ms
  The system cannot find the path specified.
  2026-08-22 16:06:15 /api/captcha/control/status .............................................................. ~ 1s
  2026-08-22 16:06:16 /api/captcha/pool-tokens ........................................................... ~ 503.50ms
  The system cannot find the path specified.
  2026-08-22 16:06:17 /api/captcha/control/status .............................................................. ~ 1s
  The system cannot find the path specified.
  2026-08-22 16:06:18 /api/captcha/control/status ........................................................ ~ 492.11ms
  2026-08-22 16:06:18 /api/captcha/pool-tokens ................................................................. ~ 1s
  The system cannot find the path specified.
  2026-08-22 16:06:20 /api/captcha/control/status ........................................................ ~ 505.52ms
  2026-08-22 16:06:20 /api/captcha/pool-tokens ................................................................. ~ 1s
  The system cannot find the path specified.
  2026-08-22 16:06:21 /api/captcha/control/status ........................................................ ~ 499.38ms
  2026-08-22 16:06:22 /api/captcha/pool-tokens ................................................................. ~ 1s
  The system cannot find the path specified.
  2026-08-22 16:06:23 /api/captcha/control/status ........................................................ ~ 506.88ms
  2026-08-22 16:06:24 /api/captcha/pool-tokens ................................................................. ~ 1s
  The system cannot find the path specified.
  2026-08-22 16:06:24 /api/captcha/control/status .............................................................. ~ 1s
  2026-08-22 16:06:26 /api/captcha/pool-tokens ................................................................. ~ 1s
  The system cannot find the path specified.
  2026-08-22 16:06:26 /api/captcha/control/status .............................................................. ~ 1s
  The system cannot find the path specified.
  2026-08-22 16:06:28 /api/captcha/control/status .............................................................. ~ 1s
  2026-08-22 16:06:28 /api/captcha/pool-tokens ........................................................... ~ 502.98ms
  The system cannot find the path specified.
  2026-08-22 16:06:29 /api/captcha/control/status .............................................................. ~ 1s
  2026-08-22 16:06:29 /api/captcha/pool-tokens ................................................................. ~ 1s
  The system cannot find the path specified.
  2026-08-22 16:06:31 /api/captcha/control/status ........................................................ ~ 514.80ms
  2026-08-22 16:06:32 /api/captcha/pool-tokens ........................................................... ~ 515.29ms
  The system cannot find the path specified.
  2026-08-22 16:06:33 /api/captcha/control/status .............................................................. ~ 1s
  The system cannot find the path specified.
  2026-08-22 16:06:34 /api/captcha/control/status ........................................................ ~ 504.41ms
  2026-08-22 16:06:34 /api/captcha/pool-tokens ................................................................. ~ 1s
  The system cannot find the path specified.
  2026-08-22 16:06:35 /api/captcha/control/status .............................................................. ~ 1s
  2026-08-22 16:06:36 /api/captcha/pool-tokens ........................................................... ~ 503.77ms
  The system cannot find the path specified.
  2026-08-22 16:06:37 /api/captcha/control/status .............................................................. ~ 1s
  2026-08-22 16:06:38 /api/captcha/pool-tokens ........................................................... ~ 512.33ms
  The system cannot find the path specified.
  2026-08-22 16:06:39 /api/captcha/control/status .............................................................. ~ 1s
  2026-08-22 16:06:40 /api/captcha/pool-tokens ........................................................... ~ 503.62ms
  The system cannot find the path specified.
  2026-08-22 16:06:40 /api/captcha/control/status .............................................................. ~ 1s
  The system cannot find the path specified.
  2026-08-22 16:06:41 /api/captcha/control/status .............................................................. ~ 1s
  2026-08-22 16:06:42 /api/captcha/pool-tokens ................................................................. ~ 1s
  The system cannot find the path specified.
  2026-08-22 16:06:43 /api/captcha/control/status .............................................................. ~ 1s
  2026-08-22 16:06:44 /api/captcha/pool-tokens ........................................................... ~ 514.71ms
  The system cannot find the path specified.
  2026-08-22 16:06:45 /api/captcha/control/status .............................................................. ~ 1s
  2026-08-22 16:06:46 /api/captcha/pool-tokens ........................................................... ~ 508.75ms
  The system cannot find the path specified.
  2026-08-22 16:06:47 /api/captcha/control/status .............................................................. ~ 1s
  The system cannot find the path specified.
  2026-08-22 16:06:47 /api/captcha/control/status .............................................................. ~ 1s
  2026-08-22 16:06:48 /api/captcha/pool-tokens ................................................................. ~ 1s
  The system cannot find the path specified.
  2026-08-22 16:06:50 /api/captcha/control/status ........................................................ ~ 510.15ms
  2026-08-22 16:06:50 /api/captcha/pool-tokens ................................................................. ~ 1s
  The system cannot find the path specified.
  2026-08-22 16:06:52 /api/captcha/control/status .............................................................. ~ 1s
  2026-08-22 16:06:52 /api/captcha/pool-tokens ................................................................. ~ 1s
  The system cannot find the path specified.
  2026-08-22 16:06:53 /api/captcha/control/status ........................................................ ~ 503.53ms
  2026-08-22 16:06:54 /api/captcha/pool-tokens ................................................................. ~ 1s
  The system cannot find the path specified.
  2026-08-22 16:06:54 /api/captcha/control/status .............................................................. ~ 1s
  2026-08-22 16:06:56 /api/captcha/pool-tokens ................................................................. ~ 1s
  The system cannot find the path specified.
  2026-08-22 16:06:56 /api/captcha/control/status .............................................................. ~ 1s
  The system cannot find the path specified.
  2026-08-22 16:06:57 /api/captcha/control/status ........................................................ ~ 503.58ms
  2026-08-22 16:06:58 /api/captcha/pool-tokens ................................................................. ~ 1s
  The system cannot find the path specified.
  2026-08-22 16:06:59 /api/captcha/control/status ........................................................ ~ 514.80ms
  2026-08-22 16:07:00 /api/captcha/pool-tokens ................................................................. ~ 1s
  The system cannot find the path specified.
  2026-08-22 16:07:01 /api/captcha/control/status .............................................................. ~ 1s
  2026-08-22 16:07:02 /api/captcha/pool-tokens ........................................................... ~ 510.49ms
  The system cannot find the path specified.
  2026-08-22 16:07:03 /api/captcha/control/status .............................................................. ~ 1s
  The system cannot find the path specified.
  2026-08-22 16:07:04 /api/captcha/control/status ........................................................ ~ 508.02ms
  2026-08-22 16:07:04 /api/captcha/pool-tokens ................................................................. ~ 1s
  The system cannot find the path specified.
  2026-08-22 16:07:05 /api/captcha/control/status .............................................................. ~ 1s
  2026-08-22 16:07:06 /api/captcha/pool-tokens ........................................................... ~ 500.17ms
  The system cannot find the path specified.
  2026-08-22 16:07:07 /api/captcha/control/status .............................................................. ~ 1s
  2026-08-22 16:07:08 /api/captcha/pool-tokens ........................................................... ~ 496.39ms
  The system cannot find the path specified.
  2026-08-22 16:07:09 /api/captcha/control/status .............................................................. ~ 1s
  2026-08-22 16:07:10 /api/captcha/pool-tokens ........................................................... ~ 508.33ms
  The system cannot find the path specified.
  2026-08-22 16:07:10 /api/captcha/control/status .............................................................. ~ 1s
  The system cannot find the path specified.
  2026-08-22 16:07:11 /api/captcha/control/status .............................................................. ~ 1s
  2026-08-22 16:07:12 /api/captcha/pool-tokens ........................................................... ~ 508.17ms
  The system cannot find the path specified.
  2026-08-22 16:07:13 /api/captcha/control/status .............................................................. ~ 1s
  2026-08-22 16:07:14 /api/captcha/pool-tokens ........................................................... ~ 509.47ms
  The system cannot find the path specified.
  2026-08-22 16:07:15 /api/captcha/control/status ........................................................ ~ 501.97ms
  2026-08-22 16:07:16 /api/captcha/pool-tokens ................................................................. ~ 1s
  The system cannot find the path specified.
  2026-08-22 16:07:17 /api/captcha/control/status ........................................................ ~ 516.38ms
  The system cannot find the path specified.
  2026-08-22 16:07:18 /api/captcha/control/status .............................................................. ~ 1s
  2026-08-22 16:07:18 /api/captcha/pool-tokens ................................................................. ~ 1s
  The system cannot find the path specified.
  2026-08-22 16:07:32 /api/captcha/control/status .............................................................. ~ 1s
  The system cannot find the path specified.
  2026-08-22 16:07:47 /api/captcha/control/status .............................................................. ~ 1s
  The system cannot find the path specified.
  2026-08-22 16:08:02 /api/captcha/control/status .............................................................. ~ 1s
  The system cannot find the path specified.
  2026-08-22 16:08:03 /api/captcha/control/status .............................................................. ~ 1s
  2026-08-22 16:08:04 /api/captcha/pool-tokens ........................................................... ~ 513.66ms
  The system cannot find the path specified.
  2026-08-22 16:08:04 /api/captcha/control/status .............................................................. ~ 1s
  The system cannot find the path specified.
  2026-08-22 16:08:17 /api/captcha/control/status .............................................................. ~ 1s
  The system cannot find the path specified.
  2026-08-22 16:08:32 /api/captcha/control/status ........................................................ ~ 502.76ms
  The system cannot find the path specified.
  2026-08-22 16:08:47 /api/captcha/control/status .............................................................. ~ 1s
  The system cannot find the path specified.
  2026-08-22 16:09:02 /api/captcha/control/status .............................................................. ~ 1s
  The system cannot find the path specified.
  2026-08-22 16:09:04 /api/captcha/control/status .............................................................. ~ 1s
  2026-08-22 16:09:04 /api/captcha/pool-tokens ................................................................. ~ 1s
  The system cannot find the path specified.
  2026-08-22 16:09:05 /api/captcha/control/status .............................................................. ~ 1s
  The system cannot find the path specified.
  2026-08-22 16:09:17 /api/captcha/control/status .............................................................. ~ 1s
  The system cannot find the path specified.
  2026-08-22 16:09:32 /api/captcha/control/status ........................................................ ~ 515.09ms
  The system cannot find the path specified.
  2026-08-22 16:09:47 /api/captcha/control/status .............................................................. ~ 2s
  The system cannot find the path specified.
  2026-08-22 16:10:02 /api/captcha/control/status .............................................................. ~ 1s
  The system cannot find the path specified.
  2026-08-22 16:10:04 /api/captcha/control/status .............................................................. ~ 1s
  2026-08-22 16:10:04 /api/captcha/pool-tokens ................................................................. ~ 2s
  The system cannot find the path specified.
  2026-08-22 16:10:05 /api/captcha/control/status .............................................................. ~ 3s
  The system cannot find the path specified.
  2026-08-22 16:10:17 /api/captcha/control/status .............................................................. ~ 1s
  The system cannot find the path specified.
  2026-08-22 16:10:32 /api/captcha/control/status .............................................................. ~ 1s
  The system cannot find the path specified.
  2026-08-22 16:10:47 /api/captcha/control/status .............................................................. ~ 1s
  The system cannot find the path specified.
  2026-08-22 16:11:02 /api/captcha/control/status .............................................................. ~ 2s
  The system cannot find the path specified.
  2026-08-22 16:11:04 /api/captcha/control/status .............................................................. ~ 1s
  2026-08-22 16:11:04 /api/captcha/pool-tokens ................................................................. ~ 2s
  The system cannot find the path specified.
  2026-08-22 16:11:05 /api/captcha/control/status .............................................................. ~ 2s
  The system cannot find the path specified.
  2026-08-22 16:11:17 /api/captcha/control/status .............................................................. ~ 1s
  The system cannot find the path specified.
  2026-08-22 16:11:33 /api/captcha/control/status .............................................................. ~ 4s
  The system cannot find the path specified.
  2026-08-22 16:11:47 /api/captcha/control/status .............................................................. ~ 1s
  The system cannot find the path specified.
  2026-08-22 16:12:02 /api/captcha/control/status .............................................................. ~ 1s
  The system cannot find the path specified.
  2026-08-22 16:12:04 /api/captcha/control/status .............................................................. ~ 1s
  2026-08-22 16:12:04 /api/captcha/pool-tokens ................................................................. ~ 1s
  The system cannot find the path specified.
  2026-08-22 16:12:05 /api/captcha/control/status .............................................................. ~ 1s
  The system cannot find the path specified.
  2026-08-22 16:12:17 /api/captcha/control/status .............................................................. ~ 1s
  The system cannot find the path specified.
  2026-08-22 16:12:32 /api/captcha/control/status .............................................................. ~ 2s
  The system cannot find the path specified.
  2026-08-22 16:12:47 /api/captcha/control/status .............................................................. ~ 1s
  The system cannot find the path specified.
  2026-08-22 16:13:02 /api/captcha/control/status .............................................................. ~ 1s
  The system cannot find the path specified.
  2026-08-22 16:13:18 /api/captcha/control/status .............................................................. ~ 5s
  The system cannot find the path specified.
  2026-08-22 16:13:33 /api/captcha/control/status .............................................................. ~ 3s
  The system cannot find the path specified.
  2026-08-22 16:13:47 /api/captcha/control/status .............................................................. ~ 1s
  The system cannot find the path specified.
  2026-08-22 16:14:02 /api/captcha/control/status .............................................................. ~ 1s
  The system cannot find the path specified.
  2026-08-22 16:14:17 /api/captcha/control/status .............................................................. ~ 1s
  The system cannot find the path specified.
  2026-08-22 16:14:53 /api/captcha/control/status .............................................................. ~ 1s
  The system cannot find the path specified.
  2026-08-22 16:15:02 /api/captcha/control/status ........................................................ ~ 503.03ms
  The system cannot find the path specified.
  2026-08-22 16:15:17 /api/captcha/control/status .............................................................. ~ 1s
  The system cannot find the path specified.
  2026-08-22 16:15:32 /api/captcha/control/status .............................................................. ~ 2s
  The system cannot find the path specified.
  2026-08-22 16:15:47 /api/captcha/control/status .............................................................. ~ 1s
  The system cannot find the path specified.
  2026-08-22 16:16:02 /api/captcha/control/status .............................................................. ~ 1s
  The system cannot find the path specified.
  2026-08-22 16:16:17 /api/captcha/control/status .............................................................. ~ 1s
  The system cannot find the path specified.
  2026-08-22 16:16:32 /api/captcha/control/status .............................................................. ~ 1s
  The system cannot find the path specified.
  2026-08-22 16:16:47 /api/captcha/control/status .............................................................. ~ 1s
  The system cannot find the path specified.
  2026-08-22 16:17:02 /api/captcha/control/status .............................................................. ~ 4s
  The system cannot find the path specified.
  2026-08-22 16:17:17 /api/captcha/control/status .............................................................. ~ 1s
  The system cannot find the path specified.
  2026-08-22 16:17:32 /api/captcha/control/status .............................................................. ~ 2s
  The system cannot find the path specified.
  2026-08-22 16:17:47 /api/captcha/control/status .............................................................. ~ 1s
  The system cannot find the path specified.
  2026-08-22 16:18:02 /api/captcha/control/status .............................................................. ~ 1s
  The system cannot find the path specified.
  2026-08-22 16:18:17 /api/captcha/control/status .............................................................. ~ 2s
  The system cannot find the path specified.
  2026-08-22 16:18:32 /api/captcha/control/status .............................................................. ~ 1s
  The system cannot find the path specified.
  2026-08-22 16:18:47 /api/captcha/control/status .............................................................. ~ 1s
  The system cannot find the path specified.
  2026-08-22 16:19:02 /api/captcha/control/status .............................................................. ~ 1s
  The system cannot find the path specified.
  2026-08-22 16:19:17 /api/captcha/control/status .............................................................. ~ 1s
  The system cannot find the path specified.
  2026-08-22 16:19:32 /api/captcha/control/status .............................................................. ~ 1s
  The system cannot find the path specified.
  2026-08-22 16:19:47 /api/captcha/control/status .............................................................. ~ 1s
  The system cannot find the path specified.
  2026-08-22 16:20:02 /api/captcha/control/status .............................................................. ~ 1s
  The system cannot find the path specified.
  2026-08-22 16:20:17 /api/captcha/control/status .............................................................. ~ 1s
  The system cannot find the path specified.
  2026-08-22 16:20:32 /api/captcha/control/status .............................................................. ~ 1s
  The system cannot find the path specified.
  2026-08-22 16:20:47 /api/captcha/control/status .............................................................. ~ 1s
  The system cannot find the path specified.
  2026-08-22 16:21:02 /api/captcha/control/status .............................................................. ~ 1s
  The system cannot find the path specified.
  2026-08-22 16:21:17 /api/captcha/control/status .............................................................. ~ 2s
  The system cannot find the path specified.
  2026-08-22 16:21:32 /api/captcha/control/status .............................................................. ~ 2s
  The system cannot find the path specified.
  2026-08-22 16:21:47 /api/captcha/control/status .............................................................. ~ 1s
  The system cannot find the path specified.
  2026-08-22 16:22:02 /api/captcha/control/status .............................................................. ~ 2s
  The system cannot find the path specified.
  2026-08-22 16:22:17 /api/captcha/control/status .............................................................. ~ 1s
  The system cannot find the path specified.
  2026-08-22 16:22:32 /api/captcha/control/status .............................................................. ~ 2s
  The system cannot find the path specified.
  2026-08-22 16:22:47 /api/captcha/control/status .............................................................. ~ 2s
  The system cannot find the path specified.
  2026-08-22 16:23:02 /api/captcha/control/status .............................................................. ~ 2s
  The system cannot find the path specified.
  2026-08-22 16:23:17 /api/captcha/control/status .............................................................. ~ 2s
  The system cannot find the path specified.
  2026-08-22 16:23:32 /api/captcha/control/status .............................................................. ~ 1s
  The system cannot find the path specified.
  2026-08-22 16:23:47 /api/captcha/control/status .............................................................. ~ 2s
  The system cannot find the path specified.
  2026-08-22 16:24:02 /api/captcha/control/status .............................................................. ~ 1s
  The system cannot find the path specified.
  2026-08-22 16:24:17 /api/captcha/control/status .............................................................. ~ 1s
  The system cannot find the path specified.
  2026-08-22 16:24:32 /api/captcha/control/status .............................................................. ~ 1s
  The system cannot find the path specified.
  2026-08-22 16:24:47 /api/captcha/control/status .............................................................. ~ 1s
  The system cannot find the path specified.
  2026-08-22 16:25:02 /api/captcha/control/status .............................................................. ~ 1s
  The system cannot find the path specified.
  2026-08-22 16:25:17 /api/captcha/control/status .............................................................. ~ 1s
  The system cannot find the path specified.
  2026-08-22 16:25:32 /api/captcha/control/status .............................................................. ~ 1s
  The system cannot find the path specified.
  2026-08-22 16:25:47 /api/captcha/control/status .............................................................. ~ 2s
  The system cannot find the path specified.
  2026-08-22 16:26:02 /api/captcha/control/status .............................................................. ~ 1s
  The system cannot find the path specified.
  2026-08-22 16:26:17 /api/captcha/control/status .............................................................. ~ 1s
  The system cannot find the path specified.
  2026-08-22 16:26:32 /api/captcha/control/status .............................................................. ~ 1s
  The system cannot find the path specified.
  2026-08-22 16:26:47 /api/captcha/control/status .............................................................. ~ 1s
  The system cannot find the path specified.
  2026-08-22 16:27:02 /api/captcha/control/status .............................................................. ~ 1s
  The system cannot find the path specified.
  2026-08-22 16:27:17 /api/captcha/control/status .............................................................. ~ 2s
  The system cannot find the path specified.
  2026-08-22 16:27:32 /api/captcha/control/status .............................................................. ~ 1s
  The system cannot find the path specified.
  2026-08-22 16:27:47 /api/captcha/control/status .............................................................. ~ 2s
  The system cannot find the path specified.
  2026-08-22 16:28:02 /api/captcha/control/status .............................................................. ~ 1s
  The system cannot find the path specified.
  2026-08-22 16:28:17 /api/captcha/control/status .............................................................. ~ 1s
  The system cannot find the path specified.
  2026-08-22 16:28:32 /api/captcha/control/status .............................................................. ~ 1s
  The system cannot find the path specified.
  2026-08-22 16:28:47 /api/captcha/control/status .............................................................. ~ 1s
  The system cannot find the path specified.
  2026-08-22 16:29:02 /api/captcha/control/status .............................................................. ~ 2s
  The system cannot find the path specified.
  2026-08-22 16:29:17 /api/captcha/control/status .............................................................. ~ 1s
  The system cannot find the path specified.
  2026-08-22 16:29:32 /api/captcha/control/status .............................................................. ~ 1s
  2026-08-22 16:29:35 /captcha-control ......................................................................... ~ 3s
  The system cannot find the path specified.
  2026-08-22 16:29:47 /api/captcha/control/status .............................................................. ~ 2s
  The system cannot find the path specified.
  2026-08-22 16:30:02 /api/captcha/control/status .............................................................. ~ 2s
  The system cannot find the path specified.
  2026-08-22 16:30:17 /api/captcha/control/status .............................................................. ~ 1s
  The system cannot find the path specified.
  2026-08-22 16:30:32 /api/captcha/control/status .............................................................. ~ 2s
  2026-08-22 16:29:39 ......................................................................................... ~ 57s
  The system cannot find the path specified.
  2026-08-22 16:30:47 /api/captcha/control/status .............................................................. ~ 1s
  The system cannot find the path specified.
  2026-08-22 16:31:02 /api/captcha/control/status .............................................................. ~ 3s
  The system cannot find the path specified.
  2026-08-22 16:31:17 /api/captcha/control/status .............................................................. ~ 6s
  The system cannot find the path specified.
  2026-08-22 16:31:32 /api/captcha/control/status .............................................................. ~ 2s
  The system cannot find the path specified.
  2026-08-22 16:31:47 /api/captcha/control/status .............................................................. ~ 3s
  The system cannot find the path specified.
  2026-08-22 16:32:02 /api/captcha/control/status .............................................................. ~ 1s
  The system cannot find the path specified.
  2026-08-22 16:32:17 /api/captcha/control/status .............................................................. ~ 2s
  The system cannot find the path specified.
  2026-08-22 16:32:32 /api/captcha/control/status .............................................................. ~ 1s
  The system cannot find the path specified.
  2026-08-22 16:32:47 /api/captcha/control/status .............................................................. ~ 2s
  The system cannot find the path specified.
  2026-08-22 16:33:02 /api/captcha/control/status .............................................................. ~ 2s
  The system cannot find the path specified.
  2026-08-22 16:33:17 /api/captcha/control/status .............................................................. ~ 2s
  The system cannot find the path specified.
  2026-08-22 16:33:32 /api/captcha/control/status .............................................................. ~ 2s
  The system cannot find the path specified.
  2026-08-22 16:33:48 /api/captcha/control/status .............................................................. ~ 6s
  The system cannot find the path specified.
  2026-08-22 16:34:02 /api/captcha/control/status .............................................................. ~ 1s
  The system cannot find the path specified.
  2026-08-22 16:34:17 /api/captcha/control/status .............................................................. ~ 1s
  The system cannot find the path specified.
  2026-08-22 16:34:32 /api/captcha/control/status .............................................................. ~ 1s
  The system cannot find the path specified.
  2026-08-22 16:34:47 /api/captcha/control/status .............................................................. ~ 1s
  The system cannot find the path specified.
  2026-08-22 16:35:02 /api/captcha/control/status .............................................................. ~ 2s
  The system cannot find the path specified.
  2026-08-22 16:35:17 /api/captcha/control/status .............................................................. ~ 2s
  The system cannot find the path specified.
  2026-08-22 16:35:32 /api/captcha/control/status .............................................................. ~ 1s
  The system cannot find the path specified.
  2026-08-22 16:35:47 /api/captcha/control/status .............................................................. ~ 2s
  The system cannot find the path specified.
  2026-08-22 16:36:02 /api/captcha/control/status .............................................................. ~ 1s
  The system cannot find the path specified.
  2026-08-22 16:36:17 /api/captcha/control/status .............................................................. ~ 1s
  The system cannot find the path specified.
  2026-08-22 16:36:32 /api/captcha/control/status .............................................................. ~ 1s
  The system cannot find the path specified.
  2026-08-22 16:36:47 /api/captcha/control/status .............................................................. ~ 1s
  The system cannot find the path specified.
  2026-08-22 16:37:02 /api/captcha/control/status .............................................................. ~ 2s
  The system cannot find the path specified.
  2026-08-22 16:37:17 /api/captcha/control/status .............................................................. ~ 1s
  The system cannot find the path specified.
  2026-08-22 16:37:32 /api/captcha/control/status .............................................................. ~ 2s
  The system cannot find the path specified.
  2026-08-22 16:37:47 /api/captcha/control/status .............................................................. ~ 1s
  The system cannot find the path specified.
  2026-08-22 16:38:02 /api/captcha/control/status .............................................................. ~ 1s
  The system cannot find the path specified.
  2026-08-22 16:38:17 /api/captcha/control/status .............................................................. ~ 1s
  The system cannot find the path specified.
  2026-08-22 16:38:32 /api/captcha/control/status .............................................................. ~ 1s
  The system cannot find the path specified.
  2026-08-22 16:38:47 /api/captcha/control/status .............................................................. ~ 1s
  The system cannot find the path specified.
  2026-08-22 16:39:02 /api/captcha/control/status .............................................................. ~ 1s
  The system cannot find the path specified.
  2026-08-22 16:39:17 /api/captcha/control/status .............................................................. ~ 1s
  The system cannot find the path specified.
  2026-08-22 16:39:32 /api/captcha/control/status .............................................................. ~ 1s
  The system cannot find the path specified.
  2026-08-22 16:39:47 /api/captcha/control/status .............................................................. ~ 1s
  The system cannot find the path specified.
  2026-08-22 16:40:02 /api/captcha/control/status .............................................................. ~ 1s
  The system cannot find the path specified.
  2026-08-22 16:40:17 /api/captcha/control/status .............................................................. ~ 1s
  The system cannot find the path specified.
  2026-08-22 16:40:32 /api/captcha/control/status .............................................................. ~ 2s
  The system cannot find the path specified.
  2026-08-22 16:40:47 /api/captcha/control/status .............................................................. ~ 1s
  The system cannot find the path specified.
  2026-08-22 16:41:02 /api/captcha/control/status .............................................................. ~ 1s
  The system cannot find the path specified.
  2026-08-22 16:41:17 /api/captcha/control/status .............................................................. ~ 1s
  The system cannot find the path specified.
  2026-08-22 16:41:32 /api/captcha/control/status .............................................................. ~ 2s
  The system cannot find the path specified.
  2026-08-22 16:41:47 /api/captcha/control/status .............................................................. ~ 1s
  The system cannot find the path specified.
  2026-08-22 16:42:02 /api/captcha/control/status .............................................................. ~ 1s
  The system cannot find the path specified.
  2026-08-22 16:42:17 /api/captcha/control/status .............................................................. ~ 2s
  The system cannot find the path specified.
  2026-08-22 16:42:32 /api/captcha/control/status .............................................................. ~ 1s
  The system cannot find the path specified.
  2026-08-22 16:42:47 /api/captcha/control/status .............................................................. ~ 1s
  The system cannot find the path specified.
  2026-08-22 16:43:02 /api/captcha/control/status .............................................................. ~ 2s
  The system cannot find the path specified.
  2026-08-22 16:43:17 /api/captcha/control/status .............................................................. ~ 1s
  The system cannot find the path specified.
  2026-08-22 16:43:32 /api/captcha/control/status .............................................................. ~ 1s
  The system cannot find the path specified.
  2026-08-22 16:43:47 /api/captcha/control/status .............................................................. ~ 1s
  The system cannot find the path specified.
  2026-08-22 16:44:02 /api/captcha/control/status .............................................................. ~ 1s
  The system cannot find the path specified.
  2026-08-22 16:44:17 /api/captcha/control/status .............................................................. ~ 1s
  The system cannot find the path specified.
  2026-08-22 16:44:32 /api/captcha/control/status .............................................................. ~ 1s
  The system cannot find the path specified.
  2026-08-22 16:44:47 /api/captcha/control/status .............................................................. ~ 1s
  The system cannot find the path specified.
  2026-08-22 16:45:02 /api/captcha/control/status .............................................................. ~ 1s
  The system cannot find the path specified.
  2026-08-22 16:45:17 /api/captcha/control/status .............................................................. ~ 1s
  The system cannot find the path specified.
  2026-08-22 16:45:32 /api/captcha/control/status .............................................................. ~ 1s
  The system cannot find the path specified.
  2026-08-22 16:45:47 /api/captcha/control/status .............................................................. ~ 2s
  The system cannot find the path specified.
  2026-08-22 16:46:02 /api/captcha/control/status .............................................................. ~ 1s
  The system cannot find the path specified.
  2026-08-22 16:46:17 /api/captcha/control/status .............................................................. ~ 1s
  The system cannot find the path specified.
  2026-08-22 16:46:32 /api/captcha/control/status .............................................................. ~ 1s
  The system cannot find the path specified.
  2026-08-22 16:46:47 /api/captcha/control/status .............................................................. ~ 1s
  The system cannot find the path specified.
  2026-08-22 16:47:02 /api/captcha/control/status .............................................................. ~ 1s
  The system cannot find the path specified.
  2026-08-22 16:47:17 /api/captcha/control/status .............................................................. ~ 1s
  The system cannot find the path specified.
  2026-08-22 16:47:32 /api/captcha/control/status .............................................................. ~ 1s
  The system cannot find the path specified.
  2026-08-22 16:47:47 /api/captcha/control/status .............................................................. ~ 1s
  The system cannot find the path specified.
  2026-08-22 16:48:02 /api/captcha/control/status .............................................................. ~ 1s
  The system cannot find the path specified.
  2026-08-22 16:48:17 /api/captcha/control/status .............................................................. ~ 1s
  The system cannot find the path specified.
  2026-08-22 16:48:32 /api/captcha/control/status .............................................................. ~ 3s
  The system cannot find the path specified.
  2026-08-22 16:48:47 /api/captcha/control/status .............................................................. ~ 2s
  The system cannot find the path specified.
  2026-08-22 16:49:02 /api/captcha/control/status .............................................................. ~ 2s
  The system cannot find the path specified.
  2026-08-22 16:49:17 /api/captcha/control/status .............................................................. ~ 2s
  The system cannot find the path specified.
  2026-08-22 16:49:32 /api/captcha/control/status .............................................................. ~ 1s
  The system cannot find the path specified.
  2026-08-22 16:49:47 /api/captcha/control/status .............................................................. ~ 2s
  The system cannot find the path specified.
  2026-08-22 16:50:02 /api/captcha/control/status .............................................................. ~ 2s
  The system cannot find the path specified.
  2026-08-22 16:50:17 /api/captcha/control/status .............................................................. ~ 1s
  The system cannot find the path specified.
  2026-08-22 16:50:32 /api/captcha/control/status .............................................................. ~ 1s
  The system cannot find the path specified.
  2026-08-22 16:50:47 /api/captcha/control/status .............................................................. ~ 2s
  The system cannot find the path specified.
  2026-08-22 16:51:02 /api/captcha/control/status .............................................................. ~ 1s
  The system cannot find the path specified.
  2026-08-22 16:51:17 /api/captcha/control/status .............................................................. ~ 1s
  The system cannot find the path specified.
  2026-08-22 16:51:32 /api/captcha/control/status .............................................................. ~ 1s
  The system cannot find the path specified.
  2026-08-22 16:51:47 /api/captcha/control/status .............................................................. ~ 2s
  The system cannot find the path specified.
  2026-08-22 16:52:02 /api/captcha/control/status .............................................................. ~ 1s
  The system cannot find the path specified.
  2026-08-22 16:52:17 /api/captcha/control/status .............................................................. ~ 1s
  The system cannot find the path specified.
  2026-08-22 16:52:32 /api/captcha/control/status .............................................................. ~ 3s
  The system cannot find the path specified.
  2026-08-22 16:52:47 /api/captcha/control/status .............................................................. ~ 4s
  The system cannot find the path specified.
  2026-08-22 16:53:02 /api/captcha/control/status .............................................................. ~ 2s
  The system cannot find the path specified.
  2026-08-22 16:53:17 /api/captcha/control/status .............................................................. ~ 1s
  The system cannot find the path specified.
  2026-08-22 16:53:32 /api/captcha/control/status .............................................................. ~ 2s
  The system cannot find the path specified.
  2026-08-22 16:53:47 /api/captcha/control/status .............................................................. ~ 2s
  The system cannot find the path specified.
  2026-08-22 16:54:02 /api/captcha/control/status .............................................................. ~ 1s
  The system cannot find the path specified.
  2026-08-22 16:54:17 /api/captcha/control/status .............................................................. ~ 1s
  The system cannot find the path specified.
  2026-08-22 16:54:32 /api/captcha/control/status .............................................................. ~ 1s
  The system cannot find the path specified.
  2026-08-22 16:54:47 /api/captcha/control/status .............................................................. ~ 1s
  The system cannot find the path specified.
  2026-08-22 16:55:02 /api/captcha/control/status .............................................................. ~ 1s
  The system cannot find the path specified.
  2026-08-22 16:55:17 /api/captcha/control/status .............................................................. ~ 1s
  The system cannot find the path specified.
  2026-08-22 16:55:32 /api/captcha/control/status .............................................................. ~ 2s
  The system cannot find the path specified.
  2026-08-22 16:55:47 /api/captcha/control/status .............................................................. ~ 1s
  The system cannot find the path specified.
  2026-08-22 16:56:02 /api/captcha/control/status .............................................................. ~ 2s
  The system cannot find the path specified.
  2026-08-22 16:56:17 /api/captcha/control/status .............................................................. ~ 1s
  The system cannot find the path specified.
  2026-08-22 16:56:32 /api/captcha/control/status .............................................................. ~ 2s
  The system cannot find the path specified.
  2026-08-22 16:56:47 /api/captcha/control/status .............................................................. ~ 2s
  The system cannot find the path specified.
  2026-08-22 16:57:02 /api/captcha/control/status .............................................................. ~ 3s
  The system cannot find the path specified.
  2026-08-22 16:57:17 /api/captcha/control/status .............................................................. ~ 2s
  The system cannot find the path specified.
  2026-08-22 16:57:32 /api/captcha/control/status .............................................................. ~ 2s
  The system cannot find the path specified.
  2026-08-22 16:57:47 /api/captcha/control/status .............................................................. ~ 3s
  The system cannot find the path specified.
  2026-08-22 16:58:02 /api/captcha/control/status .............................................................. ~ 3s
  The system cannot find the path specified.
  2026-08-22 16:58:17 /api/captcha/control/status .............................................................. ~ 2s
  The system cannot find the path specified.
  2026-08-22 16:58:32 /api/captcha/control/status .............................................................. ~ 1s
  The system cannot find the path specified.
  2026-08-22 16:58:47 /api/captcha/control/status .............................................................. ~ 1s
  The system cannot find the path specified.
  2026-08-22 16:59:02 /api/captcha/control/status .............................................................. ~ 2s
  The system cannot find the path specified.
  2026-08-22 16:59:17 /api/captcha/control/status .............................................................. ~ 2s
  The system cannot find the path specified.
  2026-08-22 16:59:32 /api/captcha/control/status .............................................................. ~ 2s
  The system cannot find the path specified.
  2026-08-22 16:59:47 /api/captcha/control/status .............................................................. ~ 3s
  The system cannot find the path specified.
  2026-08-22 17:00:02 /api/captcha/control/status .............................................................. ~ 4s
  The system cannot find the path specified.
  2026-08-22 17:00:18 /api/captcha/control/status .............................................................. ~ 3s
  The system cannot find the path specified.
  2026-08-22 17:00:33 /api/captcha/control/status .............................................................. ~ 2s
  The system cannot find the path specified.
  2026-08-22 17:00:48 /api/captcha/control/status .............................................................. ~ 2s
  The system cannot find the path specified.
  2026-08-22 17:01:03 /api/captcha/control/status .............................................................. ~ 3s
  The system cannot find the path specified.
  2026-08-22 17:01:17 /api/captcha/control/status .............................................................. ~ 1s
  The system cannot find the path specified.
  2026-08-22 17:02:03 /api/captcha/control/status .............................................................. ~ 1s
  The system cannot find the path specified.
  2026-08-22 17:03:03 /api/captcha/control/status .............................................................. ~ 1s
  The system cannot find the path specified.
  2026-08-22 17:04:04 /api/captcha/control/status .............................................................. ~ 4s
  The system cannot find the path specified.
  2026-08-22 17:05:03 /api/captcha/control/status .............................................................. ~ 1s
  The system cannot find the path specified.
  2026-08-22 17:06:03 /api/captcha/control/status .............................................................. ~ 1s
  The system cannot find the path specified.
  2026-08-22 17:07:03 /api/captcha/control/status .............................................................. ~ 1s
  The system cannot find the path specified.
  2026-08-22 17:08:03 /api/captcha/control/status .............................................................. ~ 2s
  The system cannot find the path specified.
  2026-08-22 17:09:04 /api/captcha/control/status .............................................................. ~ 3s
  The system cannot find the path specified.
  2026-08-22 17:10:03 /api/captcha/control/status .............................................................. ~ 1s
  The system cannot find the path specified.
  2026-08-22 17:11:03 /api/captcha/control/status .............................................................. ~ 1s
  The system cannot find the path specified.
  2026-08-22 17:12:03 /api/captcha/control/status .............................................................. ~ 2s
  The system cannot find the path specified.
  2026-08-22 17:13:04 /api/captcha/control/status .............................................................. ~ 1s
  The system cannot find the path specified.
  2026-08-22 17:14:03 /api/captcha/control/status .............................................................. ~ 1s
  The system cannot find the path specified.
  2026-08-22 17:15:03 /api/captcha/control/status .............................................................. ~ 1s
  The system cannot find the path specified.
  2026-08-22 17:16:03 /api/captcha/control/status .............................................................. ~ 1s
  The system cannot find the path specified.
  2026-08-22 17:17:03 /api/captcha/control/status .............................................................. ~ 1s
  The system cannot find the path specified.
  2026-08-22 17:18:03 /api/captcha/control/status .............................................................. ~ 1s
  The system cannot find the path specified.
  2026-08-22 17:19:04 /api/captcha/control/status .............................................................. ~ 1s
  The system cannot find the path specified.
  2026-08-22 17:20:03 /api/captcha/control/status .............................................................. ~ 1s
  The system cannot find the path specified.
  2026-08-22 17:21:03 /api/captcha/control/status .............................................................. ~ 1s
  The system cannot find the path specified.
  2026-08-22 17:22:03 /api/captcha/control/status .............................................................. ~ 1s
  The system cannot find the path specified.
  2026-08-22 17:23:03 /api/captcha/control/status .............................................................. ~ 1s
  The system cannot find the path specified.
  2026-08-22 17:24:03 /api/captcha/control/status .............................................................. ~ 1s
  The system cannot find the path specified.
  2026-08-22 17:25:04 /api/captcha/control/status .............................................................. ~ 1s
  The system cannot find the path specified.
  2026-08-22 17:26:03 /api/captcha/control/status .............................................................. ~ 2s
  The system cannot find the path specified.
  2026-08-22 17:27:03 /api/captcha/control/status .............................................................. ~ 2s
  The system cannot find the path specified.
  2026-08-22 17:28:03 /api/captcha/control/status .............................................................. ~ 1s
  The system cannot find the path specified.
  2026-08-22 17:29:04 /api/captcha/control/status .............................................................. ~ 2s
  The system cannot find the path specified.
  2026-08-22 17:30:04 /api/captcha/control/status .............................................................. ~ 3s
  The system cannot find the path specified.
  2026-08-22 17:31:03 /api/captcha/control/status .............................................................. ~ 1s
  The system cannot find the path specified.
  2026-08-22 17:32:03 /api/captcha/control/status .............................................................. ~ 1s
  The system cannot find the path specified.
  2026-08-22 17:33:03 /api/captcha/control/status .............................................................. ~ 2s
  The system cannot find the path specified.
  2026-08-22 17:34:03 /api/captcha/control/status .............................................................. ~ 1s
  The system cannot find the path specified.
  2026-08-22 17:35:03 /api/captcha/control/status .............................................................. ~ 1s
  The system cannot find the path specified.
  2026-08-22 17:36:03 /api/captcha/control/status .............................................................. ~ 3s
  2026-08-22 17:36:07 /build/assets/app-DDbAgoTg.css ....................................................... ~ 0.40ms
  2026-08-22 17:36:07 /build/assets/AppSidebarLayout-C66usCqP.css ......................................... ~ 16.10ms
  2026-08-22 17:36:07 /build/assets/app-B1Zb6IqD.js ....................................................... ~ 35.28ms
  2026-08-22 17:36:07 /build/assets/Index-DvV6lbAM.js ..................................................... ~ 44.87ms
  2026-08-22 17:36:07 /build/assets/index-BTnYw6RG.js ..................................................... ~ 38.91ms
  2026-08-22 17:36:07 /build/assets/index-BxH8y1zF.js ..................................................... ~ 30.77ms
  2026-08-22 17:36:07 /build/assets/Input.vue_vue_type_script_setup_true_lang-CIcm4hqe.js ................. ~ 29.10ms
  2026-08-22 17:36:07 ......................................................................................... ~ 54s
  2026-08-22 17:36:07 ......................................................................................... ~ 54s
  2026-08-22 17:36:07 ......................................................................................... ~ 54s
  2026-08-22 17:36:07 ......................................................................................... ~ 54s
  The system cannot find the path specified.
  2026-08-22 17:37:03 /api/captcha/control/status .............................................................. ~ 1s
  The system cannot find the path specified.
  2026-08-22 17:38:03 /api/captcha/control/status .............................................................. ~ 2s
  The system cannot find the path specified.
  2026-08-22 17:38:40 /api/captcha/control/status .............................................................. ~ 2s
  The system cannot find the path specified.
  2026-08-22 17:38:48 /api/captcha/control/status .............................................................. ~ 1s
  2026-08-22 17:38:50 /api/captcha/request ..................................................................... ~ 2s
  2026-08-22 17:38:53 /api/captcha/request/cc26cebd-7cde-4ebe-8bff-d25496a41389 ................................ ~ 2s
  2026-08-22 17:38:56 /api/captcha/request/cc26cebd-7cde-4ebe-8bff-d25496a41389 ................................ ~ 3s
  2026-08-22 17:39:00 /api/captcha/request/cc26cebd-7cde-4ebe-8bff-d25496a41389 ................................ ~ 2s
  The system cannot find the path specified.
  2026-08-22 17:39:03 /api/captcha/control/status .............................................................. ~ 2s
  2026-08-22 17:39:05 /api/captcha/request/cc26cebd-7cde-4ebe-8bff-d25496a41389 ................................ ~ 1s
  2026-08-22 17:39:08 /api/captcha/request/cc26cebd-7cde-4ebe-8bff-d25496a41389 ................................ ~ 1s
  2026-08-22 17:39:10 /api/captcha/request/cc26cebd-7cde-4ebe-8bff-d25496a41389 ................................ ~ 1s
  2026-08-22 17:39:12 /api/captcha/request/cc26cebd-7cde-4ebe-8bff-d25496a41389 ................................ ~ 1s
  2026-08-22 17:39:15 /api/captcha/request/cc26cebd-7cde-4ebe-8bff-d25496a41389 ................................ ~ 1s
  The system cannot find the path specified.
  2026-08-22 17:39:17 /api/captcha/control/status .............................................................. ~ 2s
  2026-08-22 17:39:19 /api/captcha/request/cc26cebd-7cde-4ebe-8bff-d25496a41389 ................................ ~ 1s
  2026-08-22 17:39:22 /api/captcha/request/cc26cebd-7cde-4ebe-8bff-d25496a41389 ................................ ~ 1s
  2026-08-22 17:39:24 /api/captcha/request/cc26cebd-7cde-4ebe-8bff-d25496a41389 ................................ ~ 1s
  2026-08-22 17:39:27 /api/captcha/request/cc26cebd-7cde-4ebe-8bff-d25496a41389 ................................ ~ 1s
  2026-08-22 17:39:30 /api/captcha/request/cc26cebd-7cde-4ebe-8bff-d25496a41389 ................................ ~ 1s
  The system cannot find the path specified.
  2026-08-22 17:39:32 /api/captcha/control/status .............................................................. ~ 1s
  2026-08-22 17:39:34 /api/captcha/request/cc26cebd-7cde-4ebe-8bff-d25496a41389 ................................ ~ 1s
  2026-08-22 17:39:36 /api/captcha/request/cc26cebd-7cde-4ebe-8bff-d25496a41389 ................................ ~ 1s
  2026-08-22 17:39:39 /api/captcha/request/cc26cebd-7cde-4ebe-8bff-d25496a41389 ................................ ~ 1s
  2026-08-22 17:39:41 /api/captcha/request/cc26cebd-7cde-4ebe-8bff-d25496a41389 ................................ ~ 1s
  2026-08-22 17:39:44 /api/captcha/request/cc26cebd-7cde-4ebe-8bff-d25496a41389 ................................ ~ 1s
  2026-08-22 17:39:46 /api/captcha/request/cc26cebd-7cde-4ebe-8bff-d25496a41389 ................................ ~ 1s
  The system cannot find the path specified.
  2026-08-22 17:39:48 /api/captcha/control/status .............................................................. ~ 1s
  2026-08-22 17:39:50 /api/captcha/request/cc26cebd-7cde-4ebe-8bff-d25496a41389 ................................ ~ 2s
  2026-08-22 17:39:52 /api/captcha/request/cc26cebd-7cde-4ebe-8bff-d25496a41389 ................................ ~ 1s
  2026-08-22 17:39:55 /api/captcha/request/cc26cebd-7cde-4ebe-8bff-d25496a41389 ................................ ~ 1s
  2026-08-22 17:39:58 /api/captcha/request/cc26cebd-7cde-4ebe-8bff-d25496a41389 ................................ ~ 1s
  2026-08-22 17:40:00 /api/captcha/request/cc26cebd-7cde-4ebe-8bff-d25496a41389 ................................ ~ 1s
  The system cannot find the path specified.
  2026-08-22 17:40:02 /api/captcha/control/status .............................................................. ~ 2s
  2026-08-22 17:40:04 /api/captcha/request/cc26cebd-7cde-4ebe-8bff-d25496a41389 ................................ ~ 1s
  2026-08-22 17:40:07 /api/captcha/request/cc26cebd-7cde-4ebe-8bff-d25496a41389 ................................ ~ 2s
  2026-08-22 17:40:09 /api/captcha/request/cc26cebd-7cde-4ebe-8bff-d25496a41389 ................................ ~ 1s
  2026-08-22 17:40:13 /api/captcha/request/cc26cebd-7cde-4ebe-8bff-d25496a41389 ................................ ~ 1s
  2026-08-22 17:40:15 /api/captcha/request/cc26cebd-7cde-4ebe-8bff-d25496a41389 ................................ ~ 1s
  The system cannot find the path specified.
  2026-08-22 17:40:17 /api/captcha/control/status .............................................................. ~ 1s
  2026-08-22 17:40:19 /api/captcha/request/cc26cebd-7cde-4ebe-8bff-d25496a41389 .......................... ~ 510.40ms
  2026-08-22 17:40:20 /api/captcha/request/cc26cebd-7cde-4ebe-8bff-d25496a41389 .......................... ~ 502.95ms
  2026-08-22 17:40:22 /api/captcha/request/cc26cebd-7cde-4ebe-8bff-d25496a41389 ................................ ~ 1s
  2026-08-22 17:40:25 /api/captcha/request/cc26cebd-7cde-4ebe-8bff-d25496a41389 ................................ ~ 2s
  2026-08-22 17:40:30 /api/captcha/request/cc26cebd-7cde-4ebe-8bff-d25496a41389 ................................ ~ 3s
  The system cannot find the path specified.
  2026-08-22 17:40:33 /api/captcha/control/status .............................................................. ~ 1s
  2026-08-22 17:40:34 /api/captcha/request/cc26cebd-7cde-4ebe-8bff-d25496a41389 ................................ ~ 1s
  2026-08-22 17:40:36 /api/captcha/request/cc26cebd-7cde-4ebe-8bff-d25496a41389 ................................ ~ 1s
  2026-08-22 17:40:38 /api/captcha/request/cc26cebd-7cde-4ebe-8bff-d25496a41389 ................................ ~ 1s
  2026-08-22 17:40:41 /api/captcha/request/cc26cebd-7cde-4ebe-8bff-d25496a41389 ................................ ~ 2s
  2026-08-22 17:40:45 /api/captcha/request/cc26cebd-7cde-4ebe-8bff-d25496a41389 .......................... ~ 502.46ms
  2026-08-22 17:40:47 /api/captcha/request/cc26cebd-7cde-4ebe-8bff-d25496a41389 .......................... ~ 515.33ms
  The system cannot find the path specified.
  2026-08-22 17:40:48 /api/captcha/control/status ........................................................ ~ 501.58ms
  2026-08-22 17:40:49 /api/captcha/request/cc26cebd-7cde-4ebe-8bff-d25496a41389 ................................ ~ 1s
  2026-08-22 17:40:52 /api/captcha/request/cc26cebd-7cde-4ebe-8bff-d25496a41389 ................................ ~ 1s
  The system cannot find the path specified.
  2026-08-22 17:41:02 /api/captcha/control/status .............................................................. ~ 1s
  The system cannot find the path specified.
  2026-08-22 17:42:04 /api/captcha/control/status .............................................................. ~ 4s
  The system cannot find the path specified.
  2026-08-22 17:43:03 /api/captcha/control/status .............................................................. ~ 2s
  The system cannot find the path specified.
  2026-08-22 17:44:04 /api/captcha/control/status .............................................................. ~ 2s
  The system cannot find the path specified.
  2026-08-22 17:45:04 /api/captcha/control/status .............................................................. ~ 1s
  The system cannot find the path specified.
  2026-08-22 17:46:03 /api/captcha/control/status .............................................................. ~ 1s
  The system cannot find the path specified.
  2026-08-22 17:47:04 /api/captcha/control/status .............................................................. ~ 1s
  The system cannot find the path specified.
  2026-08-22 17:48:03 /api/captcha/control/status .............................................................. ~ 2s
  The system cannot find the path specified.
  2026-08-22 17:49:04 /api/captcha/control/status .............................................................. ~ 3s
  The system cannot find the path specified.
  2026-08-22 17:50:03 /api/captcha/control/status .............................................................. ~ 1s
  The system cannot find the path specified.
  2026-08-22 17:51:03 /api/captcha/control/status .............................................................. ~ 1s
  The system cannot find the path specified.
  2026-08-22 17:52:03 /api/captcha/control/status .............................................................. ~ 1s
  The system cannot find the path specified.
  2026-08-22 17:52:45 /api/captcha/control/status .............................................................. ~ 2s
  The system cannot find the path specified.
  2026-08-22 17:52:47 /api/captcha/control/status .............................................................. ~ 1s
  The system cannot find the path specified.
  2026-08-22 17:53:02 /api/captcha/control/status .............................................................. ~ 3s
  The system cannot find the path specified.
  2026-08-22 17:53:17 /api/captcha/control/status .............................................................. ~ 5s
  The system cannot find the path specified.
  2026-08-22 17:53:32 /api/captcha/control/status .............................................................. ~ 1s
  The system cannot find the path specified.
  2026-08-22 17:53:47 /api/captcha/control/status .............................................................. ~ 2s
  The system cannot find the path specified.
  2026-08-22 17:54:03 /api/captcha/control/status .............................................................. ~ 2s
  The system cannot find the path specified.
  2026-08-22 17:54:17 /api/captcha/control/status .............................................................. ~ 2s
  The system cannot find the path specified.
  2026-08-22 17:54:32 /api/captcha/control/status .............................................................. ~ 3s
  The system cannot find the path specified.
  2026-08-22 17:54:47 /api/captcha/control/status .............................................................. ~ 2s
  The system cannot find the path specified.
  2026-08-22 17:55:02 /api/captcha/control/status .............................................................. ~ 2s
  The system cannot find the path specified.
  2026-08-22 17:55:17 /api/captcha/control/status .............................................................. ~ 2s
  The system cannot find the path specified.
  2026-08-22 17:55:32 /api/captcha/control/status .............................................................. ~ 2s
  The system cannot find the path specified.
  2026-08-22 17:55:47 /api/captcha/control/status .............................................................. ~ 3s
  The system cannot find the path specified.
  2026-08-22 17:56:02 /api/captcha/control/status .............................................................. ~ 3s
  The system cannot find the path specified.
  2026-08-22 17:56:17 /api/captcha/control/status .............................................................. ~ 3s
  The system cannot find the path specified.
  2026-08-22 17:56:32 /api/captcha/control/status .............................................................. ~ 2s
  The system cannot find the path specified.
  2026-08-22 17:56:47 /api/captcha/control/status .............................................................. ~ 2s
  The system cannot find the path specified.
  2026-08-22 17:57:02 /api/captcha/control/status .............................................................. ~ 1s
  The system cannot find the path specified.
  2026-08-22 17:57:17 /api/captcha/control/status .............................................................. ~ 2s
  The system cannot find the path specified.
  2026-08-22 17:57:32 /api/captcha/control/status .............................................................. ~ 4s
  The system cannot find the path specified.
  2026-08-22 17:57:47 /api/captcha/control/status .............................................................. ~ 2s
  The system cannot find the path specified.
  2026-08-22 17:58:02 /api/captcha/control/status .............................................................. ~ 2s
  The system cannot find the path specified.
  2026-08-22 17:58:17 /api/captcha/control/status .............................................................. ~ 2s
  The system cannot find the path specified.
  2026-08-22 17:58:32 /api/captcha/control/status .............................................................. ~ 2s
  The system cannot find the path specified.
  2026-08-22 17:58:47 /api/captcha/control/status .............................................................. ~ 2s
  The system cannot find the path specified.
  2026-08-22 17:59:03 /api/captcha/control/status .............................................................. ~ 4s
  The system cannot find the path specified.
  2026-08-22 17:59:18 /api/captcha/control/status .............................................................. ~ 2s
  The system cannot find the path specified.
  2026-08-22 17:59:32 /api/captcha/control/status .............................................................. ~ 1s
  The system cannot find the path specified.
  2026-08-22 18:00:03 /api/captcha/control/status .............................................................. ~ 2s
  2026-08-22 18:00:17 /login ................................................................................... ~ 7s
  2026-08-22 18:00:24 /dashboard ............................................................................... ~ 4s
  2026-08-22 18:00:28 /build/assets/AppSidebarLayout-C66usCqP.css .......................................... ~ 0.36ms
  2026-08-22 18:00:28 /build/assets/app-DDbAgoTg.css ...................................................... ~ 11.91ms
  2026-08-22 18:00:28 /build/assets/Dashboard-BatkB8L5.js .................................................. ~ 0.42ms
  2026-08-22 18:00:28 /build/assets/AppLayout.vue_vue_type_script_setup_true_lang-CDu5C6NJ.js .............. ~ 8.05ms
  2026-08-22 18:00:28 /build/assets/index-dTeW3-Go.js ...................................................... ~ 9.54ms
  2026-08-22 18:00:28 /build/assets/arrow-up-right-BUfxKWwc.js ............................................ ~ 15.38ms
  2026-08-22 18:00:28 /build/assets/AppSidebarLayout.vue_vue_type_script_setup_true_lang-CSLWTG4v.js ...... ~ 20.75ms
  2026-08-22 18:00:28 /build/assets/app-B1Zb6IqD.js ....................................................... ~ 22.04ms
  2026-08-22 18:00:28 /build/assets/createLucideIcon-CoZlq9ov.js ........................................... ~ 5.82ms
  2026-08-22 18:00:28 /build/assets/mail-BcIk-dkq.js ...................................................... ~ 11.10ms
  2026-08-22 18:00:28 /build/assets/activity-DzEtYjJ4.js .................................................. ~ 20.63ms
  2026-08-22 18:00:28 /build/assets/circle-check-Bi9Xmlom.js .............................................. ~ 27.20ms
  2026-08-22 18:00:28 /build/assets/circle-x-BMMTN5aS.js .................................................. ~ 25.14ms
  2026-08-22 18:00:28 /build/assets/zap-ZpEuA8PK.js ........................................................ ~ 6.25ms
  2026-08-22 18:00:28 /build/assets/index-BxH8y1zF.js ..................................................... ~ 13.65ms
  2026-08-22 18:00:28 /build/assets/index-BfIqpL0c.js ..................................................... ~ 13.08ms
  2026-08-22 18:00:28 /build/assets/VisuallyHidden-LkW1TJIT.js ............................................ ~ 25.10ms
  2026-08-22 18:00:28 /build/assets/useForwardPropsEmits-B1RYwbEt.js ...................................... ~ 30.44ms
  2026-08-22 18:00:28 /build/assets/useForwardExpose-blqrO72D.js .......................................... ~ 26.81ms
  2026-08-22 18:00:28 /build/assets/_plugin-vue_export-helper-DlAUqK2U.js ................................. ~ 28.39ms
  2026-08-22 18:00:28 /build/assets/smartphone-CYbcZnlg.js ................................................ ~ 13.92ms
  2026-08-22 18:00:28 /build/assets/puzzle-BZP4zm61.js .................................................... ~ 10.18ms
  2026-08-22 18:00:28 /build/assets/chevron-right-B6TqFNqg.js .............................................. ~ 8.52ms
  2026-08-22 18:00:28 /build/assets/loader-circle-DteeGzBU.js ............................................. ~ 17.82ms
  2026-08-22 18:00:28 /build/assets/AppSidebarLayout-C66usCqP.css .......................................... ~ 0.25ms
  2026-08-22 18:00:29 /api/captcha-providers ................................................................... ~ 1s
  The system cannot find the path specified.
  2026-08-22 18:00:29 /api/captcha/control/status .............................................................. ~ 2s
  2026-08-22 18:00:30 /api/bot/status .......................................................................... ~ 3s
  The system cannot find the path specified.
  2026-08-22 18:00:44 /api/captcha/control/status .............................................................. ~ 1s
  The system cannot find the path specified.
  2026-08-22 18:00:59 /api/captcha/control/status .............................................................. ~ 1s
  The system cannot find the path specified.
  2026-08-22 18:01:15 /api/captcha/control/status .............................................................. ~ 1s
  The system cannot find the path specified.
  2026-08-22 18:01:30 /api/captcha/control/status ............................................................. ~ 12s
  The system cannot find the path specified.
  2026-08-22 18:01:45 /api/captcha/control/status .............................................................. ~ 6s
  The system cannot find the path specified.
  2026-08-22 18:02:01 /api/captcha/control/status .............................................................. ~ 8s
  The system cannot find the path specified.
  2026-08-22 18:03:28 /api/captcha/control/status .............................................................. ~ 8s
  The system cannot find the path specified.
  2026-08-22 18:03:50 /api/captcha/control/status ............................................................. ~ 12s
  The system cannot find the path specified.
  2026-08-22 18:04:03 /api/captcha/control/status .............................................................. ~ 2s
  The system cannot find the path specified.
  2026-08-22 18:04:14 /api/captcha/control/status .............................................................. ~ 2s
  The system cannot find the path specified.
  2026-08-22 18:04:29 /api/captcha/control/status .............................................................. ~ 2s
